,Country,Climate,HouseType,RennovationDegree,Number
0,AT,N,AB,001,AT.N.AB.01.Gen.ReEx.001.001
1,AT,N,AB,002,AT.N.AB.01.Gen.ReEx.001.002
2,AT,N,AB,003,AT.N.AB.01.Gen.ReEx.001.003
3,AT,N,AB,001,AT.N.AB.02.Gen.ReEx.001.001
4,AT,N,AB,002,AT.N.AB.02.Gen.ReEx.001.002
5,AT,N,AB,003,AT.N.AB.02.Gen.ReEx.001.003
6,AT,N,AB,001,AT.N.AB.03.Gen.ReEx.001.001
7,AT,N,AB,002,AT.N.AB.03.Gen.ReEx.001.002
8,AT,N,AB,003,AT.N.AB.03.Gen.ReEx.001.003
9,AT,N,AB,001,AT.N.AB.04.Gen.ReEx.001.001
10,AT,N,AB,002,AT.N.AB.04.Gen.ReEx.001.002
11,AT,N,AB,003,AT.N.AB.04.Gen.ReEx.001.003
12,AT,N,AB,001,AT.N.AB.05.Gen.ReEx.001.001
13,AT,N,AB,002,AT.N.AB.05.Gen.ReEx.001.002
14,AT,N,AB,003,AT.N.AB.05.Gen.ReEx.001.003
15,AT,N,AB,001,AT.N.AB.06.Gen.ReEx.001.001
16,AT,N,AB,002,AT.N.AB.06.Gen.ReEx.001.002
17,AT,N,AB,003,AT.N.AB.06.Gen.ReEx.001.003
18,AT,N,AB,001,AT.N.AB.07.Gen.ReEx.001.001
19,AT,N,AB,002,AT.N.AB.07.Gen.ReEx.001.002
20,AT,N,AB,003,AT.N.AB.07.Gen.ReEx.001.003
21,AT,N,AB,001,AT.N.AB.08.Gen.ReEx.001.001
22,AT,N,AB,002,AT.N.AB.08.Gen.ReEx.001.002
23,AT,N,AB,003,AT.N.AB.08.Gen.ReEx.001.003
24,AT,N,MFH,001,AT.N.MFH.01.Gen.ReEx.001.001
25,AT,N,MFH,002,AT.N.MFH.01.Gen.ReEx.001.002
26,AT,N,MFH,003,AT.N.MFH.01.Gen.ReEx.001.003
27,AT,N,MFH,001,AT.N.MFH.02.Gen.ReEx.001.001
28,AT,N,MFH,002,AT.N.MFH.02.Gen.ReEx.001.002
29,AT,N,MFH,003,AT.N.MFH.02.Gen.ReEx.001.003
30,AT,N,MFH,001,AT.N.MFH.03.Gen.ReEx.001.001
31,AT,N,MFH,002,AT.N.MFH.03.Gen.ReEx.001.002
32,AT,N,MFH,003,AT.N.MFH.03.Gen.ReEx.001.003
33,AT,N,MFH,001,AT.N.MFH.04.Gen.ReEx.001.001
34,AT,N,MFH,002,AT.N.MFH.04.Gen.ReEx.001.002
35,AT,N,MFH,003,AT.N.MFH.04.Gen.ReEx.001.003
36,AT,N,MFH,001,AT.N.MFH.05.Gen.ReEx.001.001
37,AT,N,MFH,002,AT.N.MFH.05.Gen.ReEx.001.002
38,AT,N,MFH,003,AT.N.MFH.05.Gen.ReEx.001.003
39,AT,N,MFH,001,AT.N.MFH.06.Gen.ReEx.001.001
40,AT,N,MFH,002,AT.N.MFH.06.Gen.ReEx.001.002
41,AT,N,MFH,003,AT.N.MFH.06.Gen.ReEx.001.003
42,AT,N,MFH,001,AT.N.MFH.07.Gen.ReEx.001.001
43,AT,N,MFH,002,AT.N.MFH.07.Gen.ReEx.001.002
44,AT,N,MFH,003,AT.N.MFH.07.Gen.ReEx.001.003
45,AT,N,MFH,001,AT.N.MFH.08.Gen.ReEx.001.001
46,AT,N,MFH,002,AT.N.MFH.08.Gen.ReEx.001.002
47,AT,N,MFH,003,AT.N.MFH.08.Gen.ReEx.001.003
48,AT,N,SFH,001,AT.N.SFH.01.Gen.ReEx.001.001
49,AT,N,SFH,002,AT.N.SFH.01.Gen.ReEx.001.002
50,AT,N,SFH,003,AT.N.SFH.01.Gen.ReEx.001.003
51,AT,N,SFH,001,AT.N.SFH.02.Gen.ReEx.001.001
52,AT,N,SFH,002,AT.N.SFH.02.Gen.ReEx.001.002
53,AT,N,SFH,003,AT.N.SFH.02.Gen.ReEx.001.003
54,AT,N,SFH,001,AT.N.SFH.03.Gen.ReEx.001.001
55,AT,N,SFH,002,AT.N.SFH.03.Gen.ReEx.001.002
56,AT,N,SFH,003,AT.N.SFH.03.Gen.ReEx.001.003
57,AT,N,SFH,001,AT.N.SFH.04.Gen.ReEx.001.001
58,AT,N,SFH,002,AT.N.SFH.04.Gen.ReEx.001.002
59,AT,N,SFH,003,AT.N.SFH.04.Gen.ReEx.001.003
60,AT,N,SFH,001,AT.N.SFH.05.Gen.ReEx.001.001
61,AT,N,SFH,002,AT.N.SFH.05.Gen.ReEx.001.002
62,AT,N,SFH,003,AT.N.SFH.05.Gen.ReEx.001.003
63,AT,N,SFH,001,AT.N.SFH.06.Gen.ReEx.001.001
64,AT,N,SFH,002,AT.N.SFH.06.Gen.ReEx.001.002
65,AT,N,SFH,003,AT.N.SFH.06.Gen.ReEx.001.003
66,AT,N,SFH,001,AT.N.SFH.07.Gen.ReEx.001.001
67,AT,N,SFH,002,AT.N.SFH.07.Gen.ReEx.001.002
68,AT,N,SFH,003,AT.N.SFH.07.Gen.ReEx.001.003
69,AT,N,SFH,001,AT.N.SFH.08.Gen.ReEx.001.001
70,AT,N,SFH,002,AT.N.SFH.08.Gen.ReEx.001.002
71,AT,N,SFH,003,AT.N.SFH.08.Gen.ReEx.001.003
72,AT,N,TH,001,AT.N.TH.01.Gen.ReEx.001.001
73,AT,N,TH,002,AT.N.TH.01.Gen.ReEx.001.002
74,AT,N,TH,003,AT.N.TH.01.Gen.ReEx.001.003
75,AT,N,TH,001,AT.N.TH.02.Gen.ReEx.001.001
76,AT,N,TH,002,AT.N.TH.02.Gen.ReEx.001.002
77,AT,N,TH,003,AT.N.TH.02.Gen.ReEx.001.003
78,AT,N,TH,001,AT.N.TH.03.Gen.ReEx.001.001
79,AT,N,TH,002,AT.N.TH.03.Gen.ReEx.001.002
80,AT,N,TH,003,AT.N.TH.03.Gen.ReEx.001.003
81,AT,N,TH,001,AT.N.TH.04.Gen.ReEx.001.001
82,AT,N,TH,002,AT.N.TH.04.Gen.ReEx.001.002
83,AT,N,TH,003,AT.N.TH.04.Gen.ReEx.001.003
84,AT,N,TH,001,AT.N.TH.05.Gen.ReEx.001.001
85,AT,N,TH,002,AT.N.TH.05.Gen.ReEx.001.002
86,AT,N,TH,003,AT.N.TH.05.Gen.ReEx.001.003
87,AT,N,TH,001,AT.N.TH.06.Gen.ReEx.001.001
88,AT,N,TH,002,AT.N.TH.06.Gen.ReEx.001.002
89,AT,N,TH,003,AT.N.TH.06.Gen.ReEx.001.003
90,AT,N,TH,001,AT.N.TH.07.Gen.ReEx.001.001
91,AT,N,TH,002,AT.N.TH.07.Gen.ReEx.001.002
92,AT,N,TH,003,AT.N.TH.07.Gen.ReEx.001.003
93,AT,N,TH,001,AT.N.TH.08.Gen.ReEx.001.001
94,AT,N,TH,002,AT.N.TH.08.Gen.ReEx.001.002
95,AT,N,TH,003,AT.N.TH.08.Gen.ReEx.001.003
96,BE,N,AB,001,BE.N.AB.02.Gen.ReEx.001.001
97,BE,N,AB,002,BE.N.AB.02.Gen.ReEx.001.002
98,BE,N,AB,003,BE.N.AB.02.Gen.ReEx.001.003
99,BE,N,AB,001,BE.N.AB.03.Gen.ReEx.001.001
100,BE,N,AB,002,BE.N.AB.03.Gen.ReEx.001.002
101,BE,N,AB,003,BE.N.AB.03.Gen.ReEx.001.003
102,BE,N,AB,001,BE.N.AB.04.Gen.ReEx.001.001
103,BE,N,AB,002,BE.N.AB.04.Gen.ReEx.001.002
104,BE,N,AB,003,BE.N.AB.04.Gen.ReEx.001.003
105,BE,N,AB,001,BE.N.AB.05.Gen.ReEx.001.001
106,BE,N,AB,003,BE.N.AB.05.Gen.ReEx.001.003
107,BE,N,AB,001,BE.N.AB.06.Gen.ReEx.001.001
108,BE,N,AB,002,BE.N.AB.06.Gen.ReEx.001.002
109,BE,N,AB,003,BE.N.AB.06.Gen.ReEx.001.003
110,BE,N,MFH,001,BE.N.MFH.01.Gen.ReEx.001.001
111,BE,N,MFH,002,BE.N.MFH.01.Gen.ReEx.001.002
112,BE,N,MFH,003,BE.N.MFH.01.Gen.ReEx.001.003
113,BE,N,MFH,001,BE.N.MFH.02.Gen.ReEx.001.001
114,BE,N,MFH,002,BE.N.MFH.02.Gen.ReEx.001.002
115,BE,N,MFH,003,BE.N.MFH.02.Gen.ReEx.001.003
116,BE,N,MFH,001,BE.N.MFH.03.Gen.ReEx.001.001
117,BE,N,MFH,002,BE.N.MFH.03.Gen.ReEx.001.002
118,BE,N,MFH,003,BE.N.MFH.03.Gen.ReEx.001.003
119,BE,N,MFH,001,BE.N.MFH.04.Gen.ReEx.001.001
120,BE,N,MFH,002,BE.N.MFH.04.Gen.ReEx.001.002
121,BE,N,MFH,003,BE.N.MFH.04.Gen.ReEx.001.003
122,BE,N,MFH,001,BE.N.MFH.05.Gen.ReEx.001.001
123,BE,N,MFH,003,BE.N.MFH.05.Gen.ReEx.001.003
124,BE,N,MFH,001,BE.N.MFH.06.Gen.ReEx.001.001
125,BE,N,MFH,002,BE.N.MFH.06.Gen.ReEx.001.002
126,BE,N,MFH,003,BE.N.MFH.06.Gen.ReEx.001.003
127,BE,N,SFH,001,BE.N.SFH.01.Gen.ReEx.001.001
128,BE,N,SFH,002,BE.N.SFH.01.Gen.ReEx.001.002
129,BE,N,SFH,003,BE.N.SFH.01.Gen.ReEx.001.003
130,BE,N,SFH,001,BE.N.SFH.02.Gen.ReEx.001.001
131,BE,N,SFH,002,BE.N.SFH.02.Gen.ReEx.001.002
132,BE,N,SFH,003,BE.N.SFH.02.Gen.ReEx.001.003
133,BE,N,SFH,001,BE.N.SFH.03.Gen.ReEx.001.001
134,BE,N,SFH,002,BE.N.SFH.03.Gen.ReEx.001.002
135,BE,N,SFH,003,BE.N.SFH.03.Gen.ReEx.001.003
136,BE,N,SFH,001,BE.N.SFH.04.Gen.ReEx.001.001
137,BE,N,SFH,002,BE.N.SFH.04.Gen.ReEx.001.002
138,BE,N,SFH,003,BE.N.SFH.04.Gen.ReEx.001.003
139,BE,N,SFH,001,BE.N.SFH.05.Gen.ReEx.001.001
140,BE,N,SFH,003,BE.N.SFH.05.Gen.ReEx.001.003
141,BE,N,SFH,001,BE.N.SFH.06.Gen.ReEx.001.001
142,BE,N,SFH,002,BE.N.SFH.06.Gen.ReEx.001.002
143,BE,N,SFH,003,BE.N.SFH.06.Gen.ReEx.001.003
144,BE,N,TH,001,BE.N.TH.01.Gen.ReEx.001.001
145,BE,N,TH,002,BE.N.TH.01.Gen.ReEx.001.002
146,BE,N,TH,003,BE.N.TH.01.Gen.ReEx.001.003
147,BE,N,TH,001,BE.N.TH.02.Gen.ReEx.001.001
148,BE,N,TH,002,BE.N.TH.02.Gen.ReEx.001.002
149,BE,N,TH,003,BE.N.TH.02.Gen.ReEx.001.003
150,BE,N,TH,001,BE.N.TH.03.Gen.ReEx.001.001
151,BE,N,TH,002,BE.N.TH.03.Gen.ReEx.001.002
152,BE,N,TH,003,BE.N.TH.03.Gen.ReEx.001.003
153,BE,N,TH,001,BE.N.TH.04.Gen.ReEx.001.001
154,BE,N,TH,002,BE.N.TH.04.Gen.ReEx.001.002
155,BE,N,TH,003,BE.N.TH.04.Gen.ReEx.001.003
156,BE,N,TH,001,BE.N.TH.05.Gen.ReEx.001.001
157,BE,N,TH,003,BE.N.TH.05.Gen.ReEx.001.003
158,BE,N,TH,001,BE.N.TH.06.Gen.ReEx.001.001
159,BE,N,TH,002,BE.N.TH.06.Gen.ReEx.001.002
160,BE,N,TH,003,BE.N.TH.06.Gen.ReEx.001.003
161,BG,N,AB,001,BG.N.AB.03.Gen.ReEx.001.001
162,BG,N,AB,002,BG.N.AB.03.Gen.ReEx.001.002
163,BG,N,AB,003,BG.N.AB.03.Gen.ReEx.001.003
164,BG,N,AB,001,BG.N.AB.04.Gen.ReEx.001.001
165,BG,N,AB,002,BG.N.AB.04.Gen.ReEx.001.002
166,BG,N,AB,003,BG.N.AB.04.Gen.ReEx.001.003
167,BG,N,AB,001,BG.N.AB.05.Gen.ReEx.001.001
168,BG,N,AB,002,BG.N.AB.05.Gen.ReEx.001.002
169,BG,N,AB,003,BG.N.AB.05.Gen.ReEx.001.003
170,BG,N,AB,001,BG.N.AB.06.Gen.ReEx.001.001
171,BG,N,AB,002,BG.N.AB.06.Gen.ReEx.001.002
172,BG,N,AB,003,BG.N.AB.06.Gen.ReEx.001.003
173,BG,N,MFH,001,BG.N.MFH.01.Gen.ReEx.001.001
174,BG,N,MFH,002,BG.N.MFH.01.Gen.ReEx.001.002
175,BG,N,MFH,003,BG.N.MFH.01.Gen.ReEx.001.003
176,BG,N,MFH,001,BG.N.MFH.02.Gen.ReEx.001.001
177,BG,N,MFH,002,BG.N.MFH.02.Gen.ReEx.001.002
178,BG,N,MFH,003,BG.N.MFH.02.Gen.ReEx.001.003
179,BG,N,MFH,001,BG.N.MFH.03.Gen.ReEx.001.001
180,BG,N,MFH,002,BG.N.MFH.03.Gen.ReEx.001.002
181,BG,N,MFH,003,BG.N.MFH.03.Gen.ReEx.001.003
182,BG,N,MFH,001,BG.N.MFH.04.Gen.ReEx.001.001
183,BG,N,MFH,002,BG.N.MFH.04.Gen.ReEx.001.002
184,BG,N,MFH,003,BG.N.MFH.04.Gen.ReEx.001.003
185,BG,N,MFH,001,BG.N.MFH.05.Gen.ReEx.001.001
186,BG,N,MFH,002,BG.N.MFH.05.Gen.ReEx.001.002
187,BG,N,MFH,003,BG.N.MFH.05.Gen.ReEx.001.003
188,BG,N,MFH,001,BG.N.MFH.06.Gen.ReEx.001.001
189,BG,N,MFH,002,BG.N.MFH.06.Gen.ReEx.001.002
190,BG,N,MFH,003,BG.N.MFH.06.Gen.ReEx.001.003
191,BG,N,SFH,001,BG.N.SFH.01.Gen.ReEx.001.001
192,BG,N,SFH,002,BG.N.SFH.01.Gen.ReEx.001.002
193,BG,N,SFH,003,BG.N.SFH.01.Gen.ReEx.001.003
194,BG,N,SFH,001,BG.N.SFH.02.Gen.ReEx.001.001
195,BG,N,SFH,002,BG.N.SFH.02.Gen.ReEx.001.002
196,BG,N,SFH,003,BG.N.SFH.02.Gen.ReEx.001.003
197,BG,N,SFH,001,BG.N.SFH.03.Gen.ReEx.001.001
198,BG,N,SFH,002,BG.N.SFH.03.Gen.ReEx.001.002
199,BG,N,SFH,003,BG.N.SFH.03.Gen.ReEx.001.003
200,BG,N,SFH,001,BG.N.SFH.04.Gen.ReEx.001.001
201,BG,N,SFH,002,BG.N.SFH.04.Gen.ReEx.001.002
202,BG,N,SFH,003,BG.N.SFH.04.Gen.ReEx.001.003
203,BG,N,SFH,001,BG.N.SFH.05.Gen.ReEx.001.001
204,BG,N,SFH,002,BG.N.SFH.05.Gen.ReEx.001.002
205,BG,N,SFH,003,BG.N.SFH.05.Gen.ReEx.001.003
206,BG,N,SFH,001,BG.N.SFH.06.Gen.ReEx.001.001
207,BG,N,SFH,002,BG.N.SFH.06.Gen.ReEx.001.002
208,BG,N,SFH,003,BG.N.SFH.06.Gen.ReEx.001.003
209,BG,N,TH,001,BG.N.TH.01.Gen.ReEx.001.001
210,BG,N,TH,002,BG.N.TH.01.Gen.ReEx.001.002
211,BG,N,TH,003,BG.N.TH.01.Gen.ReEx.001.003
212,BG,N,TH,001,BG.N.TH.02.Gen.ReEx.001.001
213,BG,N,TH,002,BG.N.TH.02.Gen.ReEx.001.002
214,BG,N,TH,003,BG.N.TH.02.Gen.ReEx.001.003
215,BG,N,TH,001,BG.N.TH.04.Gen.ReEx.001.001
216,BG,N,TH,002,BG.N.TH.04.Gen.ReEx.001.002
217,BG,N,TH,003,BG.N.TH.04.Gen.ReEx.001.003
218,BG,N,TH,001,BG.N.TH.05.Gen.ReEx.001.001
219,BG,N,TH,002,BG.N.TH.05.Gen.ReEx.001.002
220,BG,N,TH,003,BG.N.TH.05.Gen.ReEx.001.003
221,BG,N,TH,001,BG.N.TH.06.Gen.ReEx.001.001
222,BG,N,TH,002,BG.N.TH.06.Gen.ReEx.001.002
223,BG,N,TH,003,BG.N.TH.06.Gen.ReEx.001.003
224,CY,N,MFH,001,CY.N.MFH.01.Gen.ReEx.001.001
225,CY,N,MFH,002,CY.N.MFH.01.Gen.ReEx.001.002
226,CY,N,MFH,003,CY.N.MFH.01.Gen.ReEx.001.003
227,CY,N,MFH,001,CY.N.MFH.02.Gen.ReEx.001.001
228,CY,N,MFH,002,CY.N.MFH.02.Gen.ReEx.001.002
229,CY,N,MFH,003,CY.N.MFH.02.Gen.ReEx.001.003
230,CY,N,MFH,001,CY.N.MFH.03.Gen.ReEx.001.001
231,CY,N,MFH,002,CY.N.MFH.03.Gen.ReEx.001.002
232,CY,N,MFH,003,CY.N.MFH.03.Gen.ReEx.001.003
233,CY,N,MFH,001,CY.N.MFH.04.Gen.ReEx.001.001
234,CY,N,MFH,002,CY.N.MFH.04.Gen.ReEx.001.002
235,CY,N,MFH,003,CY.N.MFH.04.Gen.ReEx.001.003
236,CY,N,SFH,001,CY.N.SFH.01.Gen.ReEx.001.001
237,CY,N,SFH,002,CY.N.SFH.01.Gen.ReEx.001.002
238,CY,N,SFH,003,CY.N.SFH.01.Gen.ReEx.001.003
239,CY,N,SFH,001,CY.N.SFH.02.Gen.ReEx.001.001
240,CY,N,SFH,002,CY.N.SFH.02.Gen.ReEx.001.002
241,CY,N,SFH,003,CY.N.SFH.02.Gen.ReEx.001.003
242,CY,N,SFH,001,CY.N.SFH.03.Gen.ReEx.001.001
243,CY,N,SFH,002,CY.N.SFH.03.Gen.ReEx.001.002
244,CY,N,SFH,003,CY.N.SFH.03.Gen.ReEx.001.003
245,CY,N,SFH,001,CY.N.SFH.04.Gen.ReEx.001.001
246,CY,N,SFH,002,CY.N.SFH.04.Gen.ReEx.001.002
247,CY,N,SFH,003,CY.N.SFH.04.Gen.ReEx.001.003
248,CY,N,TH,001,CY.N.TH.01.Gen.ReEx.001.001
249,CY,N,TH,002,CY.N.TH.01.Gen.ReEx.001.002
250,CY,N,TH,003,CY.N.TH.01.Gen.ReEx.001.003
251,CY,N,TH,001,CY.N.TH.02.Gen.ReEx.001.001
252,CY,N,TH,002,CY.N.TH.02.Gen.ReEx.001.002
253,CY,N,TH,003,CY.N.TH.02.Gen.ReEx.001.003
254,CY,N,TH,001,CY.N.TH.03.Gen.ReEx.001.001
255,CY,N,TH,002,CY.N.TH.03.Gen.ReEx.001.002
256,CY,N,TH,003,CY.N.TH.03.Gen.ReEx.001.003
257,CY,N,TH,001,CY.N.TH.04.Gen.ReEx.001.001
258,CY,N,TH,002,CY.N.TH.04.Gen.ReEx.001.002
259,CY,N,TH,003,CY.N.TH.04.Gen.ReEx.001.003
260,CZ,N,AB,001,CZ.N.AB.01.Gen.ReEx.001.001
261,CZ,N,AB,002,CZ.N.AB.01.Gen.ReEx.001.002
262,CZ,N,AB,003,CZ.N.AB.01.Gen.ReEx.001.003
263,CZ,N,AB,001,CZ.N.AB.02.Gen.ReEx.001.001
264,CZ,N,AB,002,CZ.N.AB.02.Gen.ReEx.001.002
265,CZ,N,AB,003,CZ.N.AB.02.Gen.ReEx.001.003
266,CZ,N,AB,001,CZ.N.AB.03.Gen.ReEx.001.001
267,CZ,N,AB,002,CZ.N.AB.03.Gen.ReEx.001.002
268,CZ,N,AB,003,CZ.N.AB.03.Gen.ReEx.001.003
269,CZ,N,AB,001,CZ.N.AB.04.Gen.ReEx.001.001
270,CZ,N,AB,002,CZ.N.AB.04.Gen.ReEx.001.002
271,CZ,N,AB,003,CZ.N.AB.04.Gen.ReEx.001.003
272,CZ,N,AB,001,CZ.N.AB.05.Gen.ReEx.001.001
273,CZ,N,AB,002,CZ.N.AB.05.Gen.ReEx.001.002
274,CZ,N,AB,003,CZ.N.AB.05.Gen.ReEx.001.003
275,CZ,N,AB,001,CZ.N.AB.06.Gen.ReEx.001.001
276,CZ,N,AB,002,CZ.N.AB.06.Gen.ReEx.001.002
277,CZ,N,AB,003,CZ.N.AB.06.Gen.ReEx.001.003
278,CZ,N,MFH,001,CZ.N.MFH.01.Gen.ReEx.001.001
279,CZ,N,MFH,002,CZ.N.MFH.01.Gen.ReEx.001.002
280,CZ,N,MFH,003,CZ.N.MFH.01.Gen.ReEx.001.003
281,CZ,N,MFH,001,CZ.N.MFH.02.Gen.ReEx.001.001
282,CZ,N,MFH,002,CZ.N.MFH.02.Gen.ReEx.001.002
283,CZ,N,MFH,003,CZ.N.MFH.02.Gen.ReEx.001.003
284,CZ,N,MFH,001,CZ.N.MFH.03.Gen.ReEx.001.001
285,CZ,N,MFH,002,CZ.N.MFH.03.Gen.ReEx.001.002
286,CZ,N,MFH,003,CZ.N.MFH.03.Gen.ReEx.001.003
287,CZ,N,MFH,001,CZ.N.MFH.04.Gen.ReEx.001.001
288,CZ,N,MFH,002,CZ.N.MFH.04.Gen.ReEx.001.002
289,CZ,N,MFH,003,CZ.N.MFH.04.Gen.ReEx.001.003
290,CZ,N,MFH,001,CZ.N.MFH.05.Gen.ReEx.001.001
291,CZ,N,MFH,002,CZ.N.MFH.05.Gen.ReEx.001.002
292,CZ,N,MFH,003,CZ.N.MFH.05.Gen.ReEx.001.003
293,CZ,N,MFH,001,CZ.N.MFH.06.Gen.ReEx.001.001
294,CZ,N,MFH,002,CZ.N.MFH.06.Gen.ReEx.001.002
295,CZ,N,MFH,003,CZ.N.MFH.06.Gen.ReEx.001.003
296,CZ,N,MFH,001,CZ.N.MFH.07.Gen.ReEx.001.001
297,CZ,N,MFH,002,CZ.N.MFH.07.Gen.ReEx.001.002
298,CZ,N,MFH,003,CZ.N.MFH.07.Gen.ReEx.001.003
299,CZ,N,SFH,001,CZ.N.SFH.01.Gen.ReEx.001.001
300,CZ,N,SFH,002,CZ.N.SFH.01.Gen.ReEx.001.002
301,CZ,N,SFH,003,CZ.N.SFH.01.Gen.ReEx.001.003
302,CZ,N,SFH,001,CZ.N.SFH.02.Gen.ReEx.001.001
303,CZ,N,SFH,002,CZ.N.SFH.02.Gen.ReEx.001.002
304,CZ,N,SFH,003,CZ.N.SFH.02.Gen.ReEx.001.003
305,CZ,N,SFH,001,CZ.N.SFH.03.Gen.ReEx.001.001
306,CZ,N,SFH,002,CZ.N.SFH.03.Gen.ReEx.001.002
307,CZ,N,SFH,003,CZ.N.SFH.03.Gen.ReEx.001.003
308,CZ,N,SFH,001,CZ.N.SFH.04.Gen.ReEx.001.001
309,CZ,N,SFH,002,CZ.N.SFH.04.Gen.ReEx.001.002
310,CZ,N,SFH,003,CZ.N.SFH.04.Gen.ReEx.001.003
311,CZ,N,SFH,001,CZ.N.SFH.05.Gen.ReEx.001.001
312,CZ,N,SFH,002,CZ.N.SFH.05.Gen.ReEx.001.002
313,CZ,N,SFH,003,CZ.N.SFH.05.Gen.ReEx.001.003
314,CZ,N,SFH,001,CZ.N.SFH.06.Gen.ReEx.001.001
315,CZ,N,SFH,002,CZ.N.SFH.06.Gen.ReEx.001.002
316,CZ,N,SFH,003,CZ.N.SFH.06.Gen.ReEx.001.003
317,CZ,N,SFH,001,CZ.N.SFH.07.Gen.ReEx.001.001
318,CZ,N,SFH,002,CZ.N.SFH.07.Gen.ReEx.001.002
319,CZ,N,SFH,003,CZ.N.SFH.07.Gen.ReEx.001.003
320,CZ,N,TH,001,CZ.N.TH.01.Gen.ReEx.001.001
321,CZ,N,TH,002,CZ.N.TH.01.Gen.ReEx.001.002
322,CZ,N,TH,003,CZ.N.TH.01.Gen.ReEx.001.003
323,CZ,N,TH,001,CZ.N.TH.02.Gen.ReEx.001.001
324,CZ,N,TH,002,CZ.N.TH.02.Gen.ReEx.001.002
325,CZ,N,TH,003,CZ.N.TH.02.Gen.ReEx.001.003
326,CZ,N,TH,001,CZ.N.TH.03.Gen.ReEx.001.001
327,CZ,N,TH,002,CZ.N.TH.03.Gen.ReEx.001.002
328,CZ,N,TH,003,CZ.N.TH.03.Gen.ReEx.001.003
329,CZ,N,TH,001,CZ.N.TH.04.Gen.ReEx.001.001
330,CZ,N,TH,002,CZ.N.TH.04.Gen.ReEx.001.002
331,CZ,N,TH,003,CZ.N.TH.04.Gen.ReEx.001.003
332,CZ,N,TH,001,CZ.N.TH.05.Gen.ReEx.001.001
333,CZ,N,TH,002,CZ.N.TH.05.Gen.ReEx.001.002
334,CZ,N,TH,003,CZ.N.TH.05.Gen.ReEx.001.003
335,CZ,N,TH,001,CZ.N.TH.06.Gen.ReEx.001.001
336,CZ,N,TH,002,CZ.N.TH.06.Gen.ReEx.001.002
337,CZ,N,TH,003,CZ.N.TH.06.Gen.ReEx.001.003
338,CZ,N,TH,001,CZ.N.TH.07.Gen.ReEx.001.001
339,CZ,N,TH,002,CZ.N.TH.07.Gen.ReEx.001.002
340,CZ,N,TH,003,CZ.N.TH.07.Gen.ReEx.001.003
341,DE,N,AB,001,DE.N.AB.02.Gen.ReEx.001.001
342,DE,N,AB,002,DE.N.AB.02.Gen.ReEx.001.002
343,DE,N,AB,003,DE.N.AB.02.Gen.ReEx.001.003
344,DE,N,AB,001,DE.N.AB.03.Gen.ReEx.001.001
345,DE,N,AB,002,DE.N.AB.03.Gen.ReEx.001.002
346,DE,N,AB,003,DE.N.AB.03.Gen.ReEx.001.003
347,DE,N,AB,001,DE.N.AB.04.Gen.ReEx.001.001
348,DE,N,AB,002,DE.N.AB.04.Gen.ReEx.001.002
349,DE,N,AB,003,DE.N.AB.04.Gen.ReEx.001.003
350,DE,N,AB,001,DE.N.AB.05.Gen.ReEx.001.001
351,DE,N,AB,002,DE.N.AB.05.Gen.ReEx.001.002
352,DE,N,AB,003,DE.N.AB.05.Gen.ReEx.001.003
353,DE,N,AB,001,DE.N.AB.06.Gen.ReEx.001.001
354,DE,N,AB,002,DE.N.AB.06.Gen.ReEx.001.002
355,DE,N,AB,003,DE.N.AB.06.Gen.ReEx.001.003
356,DE,N,MFH,001,DE.N.MFH.01.Gen.ReEx.001.001
357,DE,N,MFH,002,DE.N.MFH.01.Gen.ReEx.001.002
358,DE,N,MFH,003,DE.N.MFH.01.Gen.ReEx.001.003
359,DE,N,MFH,001,DE.N.MFH.02.Gen.ReEx.001.001
360,DE,N,MFH,002,DE.N.MFH.02.Gen.ReEx.001.002
361,DE,N,MFH,003,DE.N.MFH.02.Gen.ReEx.001.003
362,DE,N,MFH,001,DE.N.MFH.03.Gen.ReEx.001.001
363,DE,N,MFH,002,DE.N.MFH.03.Gen.ReEx.001.002
364,DE,N,MFH,003,DE.N.MFH.03.Gen.ReEx.001.003
365,DE,N,MFH,001,DE.N.MFH.04.Gen.ReEx.001.001
366,DE,N,MFH,002,DE.N.MFH.04.Gen.ReEx.001.002
367,DE,N,MFH,003,DE.N.MFH.04.Gen.ReEx.001.003
368,DE,N,MFH,001,DE.N.MFH.05.Gen.ReEx.001.001
369,DE,N,MFH,002,DE.N.MFH.05.Gen.ReEx.001.002
370,DE,N,MFH,003,DE.N.MFH.05.Gen.ReEx.001.003
371,DE,N,MFH,001,DE.N.MFH.06.Gen.ReEx.001.001
372,DE,N,MFH,002,DE.N.MFH.06.Gen.ReEx.001.002
373,DE,N,MFH,003,DE.N.MFH.06.Gen.ReEx.001.003
374,DE,N,MFH,001,DE.N.MFH.07.Gen.ReEx.001.001
375,DE,N,MFH,002,DE.N.MFH.07.Gen.ReEx.001.002
376,DE,N,MFH,003,DE.N.MFH.07.Gen.ReEx.001.003
377,DE,N,MFH,001,DE.N.MFH.08.Gen.ReEx.001.001
378,DE,N,MFH,002,DE.N.MFH.08.Gen.ReEx.001.002
379,DE,N,MFH,003,DE.N.MFH.08.Gen.ReEx.001.003
380,DE,N,MFH,001,DE.N.MFH.09.Gen.ReEx.001.001
381,DE,N,MFH,002,DE.N.MFH.09.Gen.ReEx.001.002
382,DE,N,MFH,003,DE.N.MFH.09.Gen.ReEx.001.003
383,DE,N,MFH,001,DE.N.MFH.10.Gen.ReEx.001.001
384,DE,N,MFH,002,DE.N.MFH.10.Gen.ReEx.001.002
385,DE,N,MFH,003,DE.N.MFH.10.Gen.ReEx.001.003
386,DE,N,MFH,001,DE.N.MFH.11.Gen.ReEx.001.001
387,DE,N,MFH,002,DE.N.MFH.11.Gen.ReEx.001.002
388,DE,N,MFH,003,DE.N.MFH.11.Gen.ReEx.001.003
389,DE,N,MFH,001,DE.N.MFH.12.Gen.ReEx.001.001
390,DE,N,MFH,002,DE.N.MFH.12.Gen.ReEx.001.002
391,DE,N,MFH,003,DE.N.MFH.12.Gen.ReEx.001.003
392,DE,N,SFH,001,DE.N.SFH.01.Gen.ReEx.001.001
393,DE,N,SFH,002,DE.N.SFH.01.Gen.ReEx.001.002
394,DE,N,SFH,003,DE.N.SFH.01.Gen.ReEx.001.003
395,DE,N,SFH,001,DE.N.SFH.02.Gen.ReEx.001.001
396,DE,N,SFH,002,DE.N.SFH.02.Gen.ReEx.001.002
397,DE,N,SFH,003,DE.N.SFH.02.Gen.ReEx.001.003
398,DE,N,SFH,001,DE.N.SFH.03.Gen.ReEx.001.001
399,DE,N,SFH,002,DE.N.SFH.03.Gen.ReEx.001.002
400,DE,N,SFH,003,DE.N.SFH.03.Gen.ReEx.001.003
401,DE,N,SFH,001,DE.N.SFH.04.Gen.ReEx.001.001
402,DE,N,SFH,002,DE.N.SFH.04.Gen.ReEx.001.002
403,DE,N,SFH,003,DE.N.SFH.04.Gen.ReEx.001.003
404,DE,N,SFH,001,DE.N.SFH.05.Gen.ReEx.001.001
405,DE,N,SFH,002,DE.N.SFH.05.Gen.ReEx.001.002
406,DE,N,SFH,003,DE.N.SFH.05.Gen.ReEx.001.003
407,DE,N,SFH,001,DE.N.SFH.06.Gen.ReEx.001.001
408,DE,N,SFH,002,DE.N.SFH.06.Gen.ReEx.001.002
409,DE,N,SFH,003,DE.N.SFH.06.Gen.ReEx.001.003
410,DE,N,SFH,001,DE.N.SFH.07.Gen.ReEx.001.001
411,DE,N,SFH,002,DE.N.SFH.07.Gen.ReEx.001.002
412,DE,N,SFH,003,DE.N.SFH.07.Gen.ReEx.001.003
413,DE,N,SFH,001,DE.N.SFH.08.Gen.ReEx.001.001
414,DE,N,SFH,002,DE.N.SFH.08.Gen.ReEx.001.002
415,DE,N,SFH,003,DE.N.SFH.08.Gen.ReEx.001.003
416,DE,N,SFH,001,DE.N.SFH.09.Gen.ReEx.001.001
417,DE,N,SFH,002,DE.N.SFH.09.Gen.ReEx.001.002
418,DE,N,SFH,003,DE.N.SFH.09.Gen.ReEx.001.003
419,DE,N,SFH,001,DE.N.SFH.10.Gen.ReEx.001.001
420,DE,N,SFH,002,DE.N.SFH.10.Gen.ReEx.001.002
421,DE,N,SFH,003,DE.N.SFH.10.Gen.ReEx.001.003
422,DE,N,SFH,001,DE.N.SFH.11.Gen.ReEx.001.001
423,DE,N,SFH,002,DE.N.SFH.11.Gen.ReEx.001.002
424,DE,N,SFH,003,DE.N.SFH.11.Gen.ReEx.001.003
425,DE,N,SFH,001,DE.N.SFH.12.Gen.ReEx.001.001
426,DE,N,SFH,002,DE.N.SFH.12.Gen.ReEx.001.002
427,DE,N,SFH,003,DE.N.SFH.12.Gen.ReEx.001.003
428,DE,N,TH,001,DE.N.TH.02.Gen.ReEx.001.001
429,DE,N,TH,002,DE.N.TH.02.Gen.ReEx.001.002
430,DE,N,TH,003,DE.N.TH.02.Gen.ReEx.001.003
431,DE,N,TH,001,DE.N.TH.03.Gen.ReEx.001.001
432,DE,N,TH,002,DE.N.TH.03.Gen.ReEx.001.002
433,DE,N,TH,003,DE.N.TH.03.Gen.ReEx.001.003
434,DE,N,TH,001,DE.N.TH.04.Gen.ReEx.001.001
435,DE,N,TH,002,DE.N.TH.04.Gen.ReEx.001.002
436,DE,N,TH,003,DE.N.TH.04.Gen.ReEx.001.003
437,DE,N,TH,001,DE.N.TH.05.Gen.ReEx.001.001
438,DE,N,TH,002,DE.N.TH.05.Gen.ReEx.001.002
439,DE,N,TH,003,DE.N.TH.05.Gen.ReEx.001.003
440,DE,N,TH,001,DE.N.TH.06.Gen.ReEx.001.001
441,DE,N,TH,002,DE.N.TH.06.Gen.ReEx.001.002
442,DE,N,TH,003,DE.N.TH.06.Gen.ReEx.001.003
443,DE,N,TH,001,DE.N.TH.07.Gen.ReEx.001.001
444,DE,N,TH,002,DE.N.TH.07.Gen.ReEx.001.002
445,DE,N,TH,003,DE.N.TH.07.Gen.ReEx.001.003
446,DE,N,TH,001,DE.N.TH.08.Gen.ReEx.001.001
447,DE,N,TH,002,DE.N.TH.08.Gen.ReEx.001.002
448,DE,N,TH,003,DE.N.TH.08.Gen.ReEx.001.003
449,DE,N,TH,003,DE.N.TH.08.Gen.ReEx.002.003
450,DE,N,TH,001,DE.N.TH.09.Gen.ReEx.001.001
451,DE,N,TH,002,DE.N.TH.09.Gen.ReEx.001.002
452,DE,N,TH,003,DE.N.TH.09.Gen.ReEx.001.003
453,DE,N,TH,001,DE.N.TH.10.Gen.ReEx.001.001
454,DE,N,TH,002,DE.N.TH.10.Gen.ReEx.001.002
455,DE,N,TH,003,DE.N.TH.10.Gen.ReEx.001.003
456,DE,N,TH,001,DE.N.TH.11.Gen.ReEx.001.001
457,DE,N,TH,002,DE.N.TH.11.Gen.ReEx.001.002
458,DE,N,TH,003,DE.N.TH.11.Gen.ReEx.001.003
459,DE,N,TH,001,DE.N.TH.12.Gen.ReEx.001.001
460,DE,N,TH,002,DE.N.TH.12.Gen.ReEx.001.002
461,DE,N,TH,003,DE.N.TH.12.Gen.ReEx.001.003
462,DK,N,AB,001,DK.N.AB.01.Gen.ReEx.001.001
463,DK,N,AB,002,DK.N.AB.01.Gen.ReEx.001.002
464,DK,N,AB,003,DK.N.AB.01.Gen.ReEx.001.003
465,DK,N,AB,001,DK.N.AB.02.Gen.ReEx.001.001
466,DK,N,AB,002,DK.N.AB.02.Gen.ReEx.001.002
467,DK,N,AB,003,DK.N.AB.02.Gen.ReEx.001.003
468,DK,N,AB,001,DK.N.AB.03.Gen.ReEx.001.001
469,DK,N,AB,002,DK.N.AB.03.Gen.ReEx.001.002
470,DK,N,AB,003,DK.N.AB.03.Gen.ReEx.001.003
471,DK,N,AB,001,DK.N.AB.04.Gen.ReEx.001.001
472,DK,N,AB,002,DK.N.AB.04.Gen.ReEx.001.002
473,DK,N,AB,003,DK.N.AB.04.Gen.ReEx.001.003
474,DK,N,AB,001,DK.N.AB.05.Gen.ReEx.001.001
475,DK,N,AB,002,DK.N.AB.05.Gen.ReEx.001.002
476,DK,N,AB,003,DK.N.AB.05.Gen.ReEx.001.003
477,DK,N,AB,001,DK.N.AB.06.Gen.ReEx.001.001
478,DK,N,AB,002,DK.N.AB.06.Gen.ReEx.001.002
479,DK,N,AB,003,DK.N.AB.06.Gen.ReEx.001.003
480,DK,N,AB,001,DK.N.AB.07.Gen.ReEx.001.001
481,DK,N,AB,002,DK.N.AB.07.Gen.ReEx.001.002
482,DK,N,AB,003,DK.N.AB.07.Gen.ReEx.001.003
483,DK,N,AB,001,DK.N.AB.08.Gen.ReEx.001.001
484,DK,N,AB,002,DK.N.AB.08.Gen.ReEx.001.002
485,DK,N,AB,003,DK.N.AB.08.Gen.ReEx.001.003
486,DK,N,AB,001,DK.N.AB.09.Gen.ReEx.001.001
487,DK,N,AB,002,DK.N.AB.09.Gen.ReEx.001.002
488,DK,N,AB,003,DK.N.AB.09.Gen.ReEx.001.003
489,DK,N,AB,001,DK.N.AB.10.Gen.ReEx.001.001
490,DK,N,AB,002,DK.N.AB.10.Gen.ReEx.001.002
491,DK,N,AB,003,DK.N.AB.10.Gen.ReEx.001.003
492,DK,N,SFH,001,DK.N.SFH.01.Gen.ReEx.001.001
493,DK,N,SFH,002,DK.N.SFH.01.Gen.ReEx.001.002
494,DK,N,SFH,003,DK.N.SFH.01.Gen.ReEx.001.003
495,DK,N,SFH,001,DK.N.SFH.02.Gen.ReEx.001.001
496,DK,N,SFH,002,DK.N.SFH.02.Gen.ReEx.001.002
497,DK,N,SFH,003,DK.N.SFH.02.Gen.ReEx.001.003
498,DK,N,SFH,001,DK.N.SFH.03.Gen.ReEx.001.001
499,DK,N,SFH,002,DK.N.SFH.03.Gen.ReEx.001.002
500,DK,N,SFH,003,DK.N.SFH.03.Gen.ReEx.001.003
501,DK,N,SFH,001,DK.N.SFH.04.Gen.ReEx.001.001
502,DK,N,SFH,002,DK.N.SFH.04.Gen.ReEx.001.002
503,DK,N,SFH,003,DK.N.SFH.04.Gen.ReEx.001.003
504,DK,N,SFH,001,DK.N.SFH.05.Gen.ReEx.001.001
505,DK,N,SFH,002,DK.N.SFH.05.Gen.ReEx.001.002
506,DK,N,SFH,003,DK.N.SFH.05.Gen.ReEx.001.003
507,DK,N,SFH,001,DK.N.SFH.06.Gen.ReEx.001.001
508,DK,N,SFH,002,DK.N.SFH.06.Gen.ReEx.001.002
509,DK,N,SFH,003,DK.N.SFH.06.Gen.ReEx.001.003
510,DK,N,SFH,001,DK.N.SFH.07.Gen.ReEx.001.001
511,DK,N,SFH,002,DK.N.SFH.07.Gen.ReEx.001.002
512,DK,N,SFH,003,DK.N.SFH.07.Gen.ReEx.001.003
513,DK,N,SFH,001,DK.N.SFH.08.Gen.ReEx.001.001
514,DK,N,SFH,002,DK.N.SFH.08.Gen.ReEx.001.002
515,DK,N,SFH,003,DK.N.SFH.08.Gen.ReEx.001.003
516,DK,N,SFH,001,DK.N.SFH.09.Gen.ReEx.001.001
517,DK,N,SFH,002,DK.N.SFH.09.Gen.ReEx.001.002
518,DK,N,SFH,003,DK.N.SFH.09.Gen.ReEx.001.003
519,DK,N,SFH,001,DK.N.SFH.10.Gen.ReEx.001.001
520,DK,N,SFH,002,DK.N.SFH.10.Gen.ReEx.001.002
521,DK,N,SFH,003,DK.N.SFH.10.Gen.ReEx.001.003
522,DK,N,TH,001,DK.N.TH.01.Gen.ReEx.001.001
523,DK,N,TH,002,DK.N.TH.01.Gen.ReEx.001.002
524,DK,N,TH,003,DK.N.TH.01.Gen.ReEx.001.003
525,DK,N,TH,001,DK.N.TH.02.Gen.ReEx.001.001
526,DK,N,TH,002,DK.N.TH.02.Gen.ReEx.001.002
527,DK,N,TH,003,DK.N.TH.02.Gen.ReEx.001.003
528,DK,N,TH,001,DK.N.TH.03.Gen.ReEx.001.001
529,DK,N,TH,002,DK.N.TH.03.Gen.ReEx.001.002
530,DK,N,TH,003,DK.N.TH.03.Gen.ReEx.001.003
531,DK,N,TH,001,DK.N.TH.04.Gen.ReEx.001.001
532,DK,N,TH,002,DK.N.TH.04.Gen.ReEx.001.002
533,DK,N,TH,003,DK.N.TH.04.Gen.ReEx.001.003
534,DK,N,TH,001,DK.N.TH.05.Gen.ReEx.001.001
535,DK,N,TH,002,DK.N.TH.05.Gen.ReEx.001.002
536,DK,N,TH,003,DK.N.TH.05.Gen.ReEx.001.003
537,DK,N,TH,001,DK.N.TH.06.Gen.ReEx.001.001
538,DK,N,TH,002,DK.N.TH.06.Gen.ReEx.001.002
539,DK,N,TH,003,DK.N.TH.06.Gen.ReEx.001.003
540,DK,N,TH,001,DK.N.TH.07.Gen.ReEx.001.001
541,DK,N,TH,002,DK.N.TH.07.Gen.ReEx.001.002
542,DK,N,TH,003,DK.N.TH.07.Gen.ReEx.001.003
543,DK,N,TH,001,DK.N.TH.08.Gen.ReEx.001.001
544,DK,N,TH,002,DK.N.TH.08.Gen.ReEx.001.002
545,DK,N,TH,003,DK.N.TH.08.Gen.ReEx.001.003
546,DK,N,TH,001,DK.N.TH.09.Gen.ReEx.001.001
547,DK,N,TH,002,DK.N.TH.09.Gen.ReEx.001.002
548,DK,N,TH,003,DK.N.TH.09.Gen.ReEx.001.003
549,DK,N,TH,001,DK.N.TH.10.Gen.ReEx.001.001
550,DK,N,TH,002,DK.N.TH.10.Gen.ReEx.001.002
551,DK,N,TH,003,DK.N.TH.10.Gen.ReEx.001.003
552,ES,ME,AB,001,ES.ME.AB.01.Gen.ReEx.001.001
553,ES,ME,AB,002,ES.ME.AB.01.Gen.ReEx.001.002
554,ES,ME,AB,003,ES.ME.AB.01.Gen.ReEx.001.003
555,ES,ME,AB,001,ES.ME.AB.02.Gen.ReEx.001.001
556,ES,ME,AB,002,ES.ME.AB.02.Gen.ReEx.001.002
557,ES,ME,AB,003,ES.ME.AB.02.Gen.ReEx.001.003
558,ES,ME,AB,001,ES.ME.AB.03.Gen.ReEx.001.001
559,ES,ME,AB,002,ES.ME.AB.03.Gen.ReEx.001.002
560,ES,ME,AB,003,ES.ME.AB.03.Gen.ReEx.001.003
561,ES,ME,AB,001,ES.ME.AB.04.Gen.ReEx.001.001
562,ES,ME,AB,002,ES.ME.AB.04.Gen.ReEx.001.002
563,ES,ME,AB,003,ES.ME.AB.04.Gen.ReEx.001.003
564,ES,ME,AB,001,ES.ME.AB.05.Gen.ReEx.001.001
565,ES,ME,AB,002,ES.ME.AB.05.Gen.ReEx.001.002
566,ES,ME,AB,003,ES.ME.AB.05.Gen.ReEx.001.003
567,ES,ME,AB,001,ES.ME.AB.06.Gen.ReEx.001.001
568,ES,ME,AB,002,ES.ME.AB.06.Gen.ReEx.001.002
569,ES,ME,AB,003,ES.ME.AB.06.Gen.ReEx.001.003
570,ES,ME,MFH,001,ES.ME.MFH.01.Gen.ReEx.001.001
571,ES,ME,MFH,002,ES.ME.MFH.01.Gen.ReEx.001.002
572,ES,ME,MFH,003,ES.ME.MFH.01.Gen.ReEx.001.003
573,ES,ME,MFH,001,ES.ME.MFH.02.Gen.ReEx.001.001
574,ES,ME,MFH,002,ES.ME.MFH.02.Gen.ReEx.001.002
575,ES,ME,MFH,003,ES.ME.MFH.02.Gen.ReEx.001.003
576,ES,ME,MFH,001,ES.ME.MFH.03.Gen.ReEx.001.001
577,ES,ME,MFH,002,ES.ME.MFH.03.Gen.ReEx.001.002
578,ES,ME,MFH,003,ES.ME.MFH.03.Gen.ReEx.001.003
579,ES,ME,MFH,001,ES.ME.MFH.04.Gen.ReEx.001.001
580,ES,ME,MFH,002,ES.ME.MFH.04.Gen.ReEx.001.002
581,ES,ME,MFH,003,ES.ME.MFH.04.Gen.ReEx.001.003
582,ES,ME,MFH,001,ES.ME.MFH.05.Gen.ReEx.001.001
583,ES,ME,MFH,002,ES.ME.MFH.05.Gen.ReEx.001.002
584,ES,ME,MFH,003,ES.ME.MFH.05.Gen.ReEx.001.003
585,ES,ME,MFH,001,ES.ME.MFH.06.Gen.ReEx.001.001
586,ES,ME,MFH,002,ES.ME.MFH.06.Gen.ReEx.001.002
587,ES,ME,MFH,003,ES.ME.MFH.06.Gen.ReEx.001.003
588,ES,ME,SFH,001,ES.ME.SFH.01.Gen.ReEx.001.001
589,ES,ME,SFH,002,ES.ME.SFH.01.Gen.ReEx.001.002
590,ES,ME,SFH,003,ES.ME.SFH.01.Gen.ReEx.001.003
591,ES,ME,SFH,001,ES.ME.SFH.02.Gen.ReEx.001.001
592,ES,ME,SFH,002,ES.ME.SFH.02.Gen.ReEx.001.002
593,ES,ME,SFH,003,ES.ME.SFH.02.Gen.ReEx.001.003
594,ES,ME,SFH,001,ES.ME.SFH.03.Gen.ReEx.001.001
595,ES,ME,SFH,002,ES.ME.SFH.03.Gen.ReEx.001.002
596,ES,ME,SFH,003,ES.ME.SFH.03.Gen.ReEx.001.003
597,ES,ME,SFH,001,ES.ME.SFH.04.Gen.ReEx.001.001
598,ES,ME,SFH,002,ES.ME.SFH.04.Gen.ReEx.001.002
599,ES,ME,SFH,003,ES.ME.SFH.04.Gen.ReEx.001.003
600,ES,ME,SFH,001,ES.ME.SFH.05.Gen.ReEx.001.001
601,ES,ME,SFH,002,ES.ME.SFH.05.Gen.ReEx.001.002
602,ES,ME,SFH,003,ES.ME.SFH.05.Gen.ReEx.001.003
603,ES,ME,SFH,001,ES.ME.SFH.06.Gen.ReEx.001.001
604,ES,ME,SFH,002,ES.ME.SFH.06.Gen.ReEx.001.002
605,ES,ME,SFH,003,ES.ME.SFH.06.Gen.ReEx.001.003
606,ES,ME,TH,001,ES.ME.TH.01.Gen.ReEx.001.001
607,ES,ME,TH,002,ES.ME.TH.01.Gen.ReEx.001.002
608,ES,ME,TH,003,ES.ME.TH.01.Gen.ReEx.001.003
609,ES,ME,TH,001,ES.ME.TH.02.Gen.ReEx.001.001
610,ES,ME,TH,002,ES.ME.TH.02.Gen.ReEx.001.002
611,ES,ME,TH,003,ES.ME.TH.02.Gen.ReEx.001.003
612,ES,ME,TH,001,ES.ME.TH.03.Gen.ReEx.001.001
613,ES,ME,TH,002,ES.ME.TH.03.Gen.ReEx.001.002
614,ES,ME,TH,003,ES.ME.TH.03.Gen.ReEx.001.003
615,ES,ME,TH,001,ES.ME.TH.04.Gen.ReEx.001.001
616,ES,ME,TH,002,ES.ME.TH.04.Gen.ReEx.001.002
617,ES,ME,TH,003,ES.ME.TH.04.Gen.ReEx.001.003
618,ES,ME,TH,001,ES.ME.TH.05.Gen.ReEx.001.001
619,ES,ME,TH,002,ES.ME.TH.05.Gen.ReEx.001.002
620,ES,ME,TH,003,ES.ME.TH.05.Gen.ReEx.001.003
621,ES,ME,TH,001,ES.ME.TH.06.Gen.ReEx.001.001
622,ES,ME,TH,002,ES.ME.TH.06.Gen.ReEx.001.002
623,ES,ME,TH,003,ES.ME.TH.06.Gen.ReEx.001.003
624,FR,N,AB,001,FR.N.AB.01.Gen.ReEx.001.001
625,FR,N,AB,002,FR.N.AB.01.Gen.ReEx.001.002
626,FR,N,AB,003,FR.N.AB.01.Gen.ReEx.001.003
627,FR,N,AB,001,FR.N.AB.02.Gen.ReEx.001.001
628,FR,N,AB,002,FR.N.AB.02.Gen.ReEx.001.002
629,FR,N,AB,003,FR.N.AB.02.Gen.ReEx.001.003
630,FR,N,AB,001,FR.N.AB.03.Gen.ReEx.001.001
631,FR,N,AB,002,FR.N.AB.03.Gen.ReEx.001.002
632,FR,N,AB,003,FR.N.AB.03.Gen.ReEx.001.003
633,FR,N,AB,001,FR.N.AB.04.Gen.ReEx.001.001
634,FR,N,AB,002,FR.N.AB.04.Gen.ReEx.001.002
635,FR,N,AB,003,FR.N.AB.04.Gen.ReEx.001.003
636,FR,N,AB,001,FR.N.AB.05.Gen.ReEx.001.001
637,FR,N,AB,002,FR.N.AB.05.Gen.ReEx.001.002
638,FR,N,AB,003,FR.N.AB.05.Gen.ReEx.001.003
639,FR,N,AB,001,FR.N.AB.06.Gen.ReEx.001.001
640,FR,N,AB,002,FR.N.AB.06.Gen.ReEx.001.002
641,FR,N,AB,003,FR.N.AB.06.Gen.ReEx.001.003
642,FR,N,AB,001,FR.N.AB.07.Gen.ReEx.001.001
643,FR,N,AB,002,FR.N.AB.07.Gen.ReEx.001.002
644,FR,N,AB,003,FR.N.AB.07.Gen.ReEx.001.003
645,FR,N,AB,001,FR.N.AB.08.Gen.ReEx.001.001
646,FR,N,AB,002,FR.N.AB.08.Gen.ReEx.001.002
647,FR,N,AB,003,FR.N.AB.08.Gen.ReEx.001.003
648,FR,N,AB,001,FR.N.AB.09.Gen.ReEx.001.001
649,FR,N,AB,002,FR.N.AB.09.Gen.ReEx.001.002
650,FR,N,AB,003,FR.N.AB.09.Gen.ReEx.001.003
651,FR,N,AB,001,FR.N.AB.10.Gen.ReEx.001.001
652,FR,N,AB,002,FR.N.AB.10.Gen.ReEx.001.002
653,FR,N,AB,003,FR.N.AB.10.Gen.ReEx.001.003
654,FR,N,MFH,001,FR.N.MFH.01.Gen.ReEx.001.001
655,FR,N,MFH,002,FR.N.MFH.01.Gen.ReEx.001.002
656,FR,N,MFH,003,FR.N.MFH.01.Gen.ReEx.001.003
657,FR,N,MFH,001,FR.N.MFH.02.Gen.ReEx.001.001
658,FR,N,MFH,002,FR.N.MFH.02.Gen.ReEx.001.002
659,FR,N,MFH,003,FR.N.MFH.02.Gen.ReEx.001.003
660,FR,N,MFH,001,FR.N.MFH.03.Gen.ReEx.001.001
661,FR,N,MFH,002,FR.N.MFH.03.Gen.ReEx.001.002
662,FR,N,MFH,003,FR.N.MFH.03.Gen.ReEx.001.003
663,FR,N,MFH,001,FR.N.MFH.04.Gen.ReEx.001.001
664,FR,N,MFH,002,FR.N.MFH.04.Gen.ReEx.001.002
665,FR,N,MFH,003,FR.N.MFH.04.Gen.ReEx.001.003
666,FR,N,MFH,001,FR.N.MFH.05.Gen.ReEx.001.001
667,FR,N,MFH,002,FR.N.MFH.05.Gen.ReEx.001.002
668,FR,N,MFH,003,FR.N.MFH.05.Gen.ReEx.001.003
669,FR,N,MFH,001,FR.N.MFH.06.Gen.ReEx.001.001
670,FR,N,MFH,002,FR.N.MFH.06.Gen.ReEx.001.002
671,FR,N,MFH,003,FR.N.MFH.06.Gen.ReEx.001.003
672,FR,N,MFH,001,FR.N.MFH.07.Gen.ReEx.001.001
673,FR,N,MFH,002,FR.N.MFH.07.Gen.ReEx.001.002
674,FR,N,MFH,003,FR.N.MFH.07.Gen.ReEx.001.003
675,FR,N,MFH,001,FR.N.MFH.08.Gen.ReEx.001.001
676,FR,N,MFH,002,FR.N.MFH.08.Gen.ReEx.001.002
677,FR,N,MFH,003,FR.N.MFH.08.Gen.ReEx.001.003
678,FR,N,MFH,001,FR.N.MFH.09.Gen.ReEx.001.001
679,FR,N,MFH,002,FR.N.MFH.09.Gen.ReEx.001.002
680,FR,N,MFH,003,FR.N.MFH.09.Gen.ReEx.001.003
681,FR,N,MFH,001,FR.N.MFH.10.Gen.ReEx.001.001
682,FR,N,MFH,002,FR.N.MFH.10.Gen.ReEx.001.002
683,FR,N,MFH,003,FR.N.MFH.10.Gen.ReEx.001.003
684,FR,N,SFH,001,FR.N.SFH.01.Gen.ReEx.001.001
685,FR,N,SFH,002,FR.N.SFH.01.Gen.ReEx.001.002
686,FR,N,SFH,003,FR.N.SFH.01.Gen.ReEx.001.003
687,FR,N,SFH,001,FR.N.SFH.02.Gen.ReEx.001.001
688,FR,N,SFH,002,FR.N.SFH.02.Gen.ReEx.001.002
689,FR,N,SFH,003,FR.N.SFH.02.Gen.ReEx.001.003
690,FR,N,SFH,001,FR.N.SFH.03.Gen.ReEx.001.001
691,FR,N,SFH,002,FR.N.SFH.03.Gen.ReEx.001.002
692,FR,N,SFH,003,FR.N.SFH.03.Gen.ReEx.001.003
693,FR,N,SFH,001,FR.N.SFH.04.Gen.ReEx.001.001
694,FR,N,SFH,002,FR.N.SFH.04.Gen.ReEx.001.002
695,FR,N,SFH,003,FR.N.SFH.04.Gen.ReEx.001.003
696,FR,N,SFH,001,FR.N.SFH.05.Gen.ReEx.001.001
697,FR,N,SFH,002,FR.N.SFH.05.Gen.ReEx.001.002
698,FR,N,SFH,003,FR.N.SFH.05.Gen.ReEx.001.003
699,FR,N,SFH,001,FR.N.SFH.06.Gen.ReEx.001.001
700,FR,N,SFH,002,FR.N.SFH.06.Gen.ReEx.001.002
701,FR,N,SFH,003,FR.N.SFH.06.Gen.ReEx.001.003
702,FR,N,SFH,001,FR.N.SFH.07.Gen.ReEx.001.001
703,FR,N,SFH,002,FR.N.SFH.07.Gen.ReEx.001.002
704,FR,N,SFH,003,FR.N.SFH.07.Gen.ReEx.001.003
705,FR,N,SFH,001,FR.N.SFH.08.Gen.ReEx.001.001
706,FR,N,SFH,002,FR.N.SFH.08.Gen.ReEx.001.002
707,FR,N,SFH,003,FR.N.SFH.08.Gen.ReEx.001.003
708,FR,N,SFH,001,FR.N.SFH.09.Gen.ReEx.001.001
709,FR,N,SFH,002,FR.N.SFH.09.Gen.ReEx.001.002
710,FR,N,SFH,003,FR.N.SFH.09.Gen.ReEx.001.003
711,FR,N,SFH,001,FR.N.SFH.10.Gen.ReEx.001.001
712,FR,N,SFH,002,FR.N.SFH.10.Gen.ReEx.001.002
713,FR,N,SFH,003,FR.N.SFH.10.Gen.ReEx.001.003
714,FR,N,TH,001,FR.N.TH.01.Gen.ReEx.001.001
715,FR,N,TH,002,FR.N.TH.01.Gen.ReEx.001.002
716,FR,N,TH,003,FR.N.TH.01.Gen.ReEx.001.003
717,FR,N,TH,001,FR.N.TH.02.Gen.ReEx.001.001
718,FR,N,TH,002,FR.N.TH.02.Gen.ReEx.001.002
719,FR,N,TH,003,FR.N.TH.02.Gen.ReEx.001.003
720,FR,N,TH,001,FR.N.TH.03.Gen.ReEx.001.001
721,FR,N,TH,002,FR.N.TH.03.Gen.ReEx.001.002
722,FR,N,TH,003,FR.N.TH.03.Gen.ReEx.001.003
723,FR,N,TH,001,FR.N.TH.04.Gen.ReEx.001.001
724,FR,N,TH,002,FR.N.TH.04.Gen.ReEx.001.002
725,FR,N,TH,003,FR.N.TH.04.Gen.ReEx.001.003
726,FR,N,TH,001,FR.N.TH.05.Gen.ReEx.001.001
727,FR,N,TH,002,FR.N.TH.05.Gen.ReEx.001.002
728,FR,N,TH,003,FR.N.TH.05.Gen.ReEx.001.003
729,FR,N,TH,001,FR.N.TH.06.Gen.ReEx.001.001
730,FR,N,TH,002,FR.N.TH.06.Gen.ReEx.001.002
731,FR,N,TH,003,FR.N.TH.06.Gen.ReEx.001.003
732,FR,N,TH,001,FR.N.TH.07.Gen.ReEx.001.001
733,FR,N,TH,002,FR.N.TH.07.Gen.ReEx.001.002
734,FR,N,TH,003,FR.N.TH.07.Gen.ReEx.001.003
735,FR,N,TH,001,FR.N.TH.08.Gen.ReEx.001.001
736,FR,N,TH,002,FR.N.TH.08.Gen.ReEx.001.002
737,FR,N,TH,003,FR.N.TH.08.Gen.ReEx.001.003
738,FR,N,TH,001,FR.N.TH.09.Gen.ReEx.001.001
739,FR,N,TH,002,FR.N.TH.09.Gen.ReEx.001.002
740,FR,N,TH,003,FR.N.TH.09.Gen.ReEx.001.003
741,FR,N,TH,001,FR.N.TH.10.Gen.ReEx.001.001
742,FR,N,TH,002,FR.N.TH.10.Gen.ReEx.001.002
743,FR,N,TH,003,FR.N.TH.10.Gen.ReEx.001.003
744,GB,ENG,AB,001,GB.ENG.AB.03.Gen.ReEx.001.001
745,GB,ENG,AB,002,GB.ENG.AB.03.Gen.ReEx.001.002
746,GB,ENG,AB,003,GB.ENG.AB.03.Gen.ReEx.001.003
747,GB,ENG,AB,001,GB.ENG.AB.04.Gen.ReEx.001.001
748,GB,ENG,AB,002,GB.ENG.AB.04.Gen.ReEx.001.002
749,GB,ENG,AB,003,GB.ENG.AB.04.Gen.ReEx.001.003
750,GB,ENG,AB,001,GB.ENG.AB.07.Gen.ReEx.001.001
751,GB,ENG,AB,002,GB.ENG.AB.07.Gen.ReEx.001.002
752,GB,ENG,AB,003,GB.ENG.AB.07.Gen.ReEx.001.003
753,GB,ENG,MFH,001,GB.ENG.MFH.01.Gen.ReEx.001.001
754,GB,ENG,MFH,002,GB.ENG.MFH.01.Gen.ReEx.001.002
755,GB,ENG,MFH,003,GB.ENG.MFH.01.Gen.ReEx.001.003
756,GB,ENG,MFH,001,GB.ENG.MFH.02.Gen.ReEx.001.001
757,GB,ENG,MFH,002,GB.ENG.MFH.02.Gen.ReEx.001.002
758,GB,ENG,MFH,003,GB.ENG.MFH.02.Gen.ReEx.001.003
759,GB,ENG,MFH,001,GB.ENG.MFH.03.Gen.ReEx.001.001
760,GB,ENG,MFH,002,GB.ENG.MFH.03.Gen.ReEx.001.002
761,GB,ENG,MFH,003,GB.ENG.MFH.03.Gen.ReEx.001.003
762,GB,ENG,MFH,001,GB.ENG.MFH.04.Gen.ReEx.001.001
763,GB,ENG,MFH,002,GB.ENG.MFH.04.Gen.ReEx.001.002
764,GB,ENG,MFH,003,GB.ENG.MFH.04.Gen.ReEx.001.003
765,GB,ENG,MFH,001,GB.ENG.MFH.05.Gen.ReEx.001.001
766,GB,ENG,MFH,002,GB.ENG.MFH.05.Gen.ReEx.001.002
767,GB,ENG,MFH,003,GB.ENG.MFH.05.Gen.ReEx.001.003
768,GB,ENG,MFH,001,GB.ENG.MFH.06.Gen.ReEx.001.001
769,GB,ENG,MFH,002,GB.ENG.MFH.06.Gen.ReEx.001.002
770,GB,ENG,MFH,003,GB.ENG.MFH.06.Gen.ReEx.001.003
771,GB,ENG,MFH,001,GB.ENG.MFH.07.Gen.ReEx.001.001
772,GB,ENG,MFH,002,GB.ENG.MFH.07.Gen.ReEx.001.002
773,GB,ENG,MFH,003,GB.ENG.MFH.07.Gen.ReEx.001.003
774,GB,ENG,MFH,001,GB.ENG.MFH.08.Gen.ReEx.001.001
775,GB,ENG,MFH,002,GB.ENG.MFH.08.Gen.ReEx.001.002
776,GB,ENG,MFH,003,GB.ENG.MFH.08.Gen.ReEx.001.003
777,GB,ENG,SFH,001,GB.ENG.SFH.01.Gen.ReEx.001.001
778,GB,ENG,SFH,002,GB.ENG.SFH.01.Gen.ReEx.001.002
779,GB,ENG,SFH,003,GB.ENG.SFH.01.Gen.ReEx.001.003
780,GB,ENG,SFH,001,GB.ENG.SFH.02.Gen.ReEx.001.001
781,GB,ENG,SFH,002,GB.ENG.SFH.02.Gen.ReEx.001.002
782,GB,ENG,SFH,003,GB.ENG.SFH.02.Gen.ReEx.001.003
783,GB,ENG,SFH,001,GB.ENG.SFH.03.Gen.ReEx.001.001
784,GB,ENG,SFH,002,GB.ENG.SFH.03.Gen.ReEx.001.002
785,GB,ENG,SFH,003,GB.ENG.SFH.03.Gen.ReEx.001.003
786,GB,ENG,SFH,001,GB.ENG.SFH.04.Gen.ReEx.001.001
787,GB,ENG,SFH,002,GB.ENG.SFH.04.Gen.ReEx.001.002
788,GB,ENG,SFH,003,GB.ENG.SFH.04.Gen.ReEx.001.003
789,GB,ENG,SFH,001,GB.ENG.SFH.05.Gen.ReEx.001.001
790,GB,ENG,SFH,002,GB.ENG.SFH.05.Gen.ReEx.001.002
791,GB,ENG,SFH,003,GB.ENG.SFH.05.Gen.ReEx.001.003
792,GB,ENG,SFH,001,GB.ENG.SFH.06.Gen.ReEx.001.001
793,GB,ENG,SFH,002,GB.ENG.SFH.06.Gen.ReEx.001.002
794,GB,ENG,SFH,003,GB.ENG.SFH.06.Gen.ReEx.001.003
795,GB,ENG,SFH,001,GB.ENG.SFH.07.Gen.ReEx.001.001
796,GB,ENG,SFH,002,GB.ENG.SFH.07.Gen.ReEx.001.002
797,GB,ENG,SFH,003,GB.ENG.SFH.07.Gen.ReEx.001.003
798,GB,ENG,SFH,001,GB.ENG.SFH.08.Gen.ReEx.001.001
799,GB,ENG,SFH,002,GB.ENG.SFH.08.Gen.ReEx.001.002
800,GB,ENG,SFH,003,GB.ENG.SFH.08.Gen.ReEx.001.003
801,GB,ENG,TH,001,GB.ENG.TH.01.Gen.ReEx.001.001
802,GB,ENG,TH,002,GB.ENG.TH.01.Gen.ReEx.001.002
803,GB,ENG,TH,003,GB.ENG.TH.01.Gen.ReEx.001.003
804,GB,ENG,TH,001,GB.ENG.TH.02.Gen.ReEx.001.001
805,GB,ENG,TH,002,GB.ENG.TH.02.Gen.ReEx.001.002
806,GB,ENG,TH,003,GB.ENG.TH.02.Gen.ReEx.001.003
807,GB,ENG,TH,001,GB.ENG.TH.03.Gen.ReEx.001.001
808,GB,ENG,TH,002,GB.ENG.TH.03.Gen.ReEx.001.002
809,GB,ENG,TH,003,GB.ENG.TH.03.Gen.ReEx.001.003
810,GB,ENG,TH,001,GB.ENG.TH.04.Gen.ReEx.001.001
811,GB,ENG,TH,002,GB.ENG.TH.04.Gen.ReEx.001.002
812,GB,ENG,TH,003,GB.ENG.TH.04.Gen.ReEx.001.003
813,GB,ENG,TH,001,GB.ENG.TH.05.Gen.ReEx.001.001
814,GB,ENG,TH,002,GB.ENG.TH.05.Gen.ReEx.001.002
815,GB,ENG,TH,003,GB.ENG.TH.05.Gen.ReEx.001.003
816,GB,ENG,TH,001,GB.ENG.TH.06.Gen.ReEx.001.001
817,GB,ENG,TH,002,GB.ENG.TH.06.Gen.ReEx.001.002
818,GB,ENG,TH,003,GB.ENG.TH.06.Gen.ReEx.001.003
819,GB,ENG,TH,001,GB.ENG.TH.07.Gen.ReEx.001.001
820,GB,ENG,TH,002,GB.ENG.TH.07.Gen.ReEx.001.002
821,GB,ENG,TH,003,GB.ENG.TH.07.Gen.ReEx.001.003
822,GB,ENG,TH,001,GB.ENG.TH.08.Gen.ReEx.001.001
823,GB,ENG,TH,002,GB.ENG.TH.08.Gen.ReEx.001.002
824,GB,ENG,TH,003,GB.ENG.TH.08.Gen.ReEx.001.003
825,GR,ZoneB,MFH,001,GR.ZoneB.MFH.01.Gen.ReEx.001.001
826,GR,ZoneB,MFH,002,GR.ZoneB.MFH.01.Gen.ReEx.001.002
827,GR,ZoneB,MFH,003,GR.ZoneB.MFH.01.Gen.ReEx.001.003
828,GR,ZoneB,MFH,001,GR.ZoneB.MFH.02.Gen.ReEx.001.001
829,GR,ZoneB,MFH,002,GR.ZoneB.MFH.02.Gen.ReEx.001.002
830,GR,ZoneB,MFH,003,GR.ZoneB.MFH.02.Gen.ReEx.001.003
831,GR,ZoneB,MFH,001,GR.ZoneB.MFH.03.Gen.ReEx.001.001
832,GR,ZoneB,MFH,002,GR.ZoneB.MFH.03.Gen.ReEx.001.002
833,GR,ZoneB,MFH,003,GR.ZoneB.MFH.03.Gen.ReEx.001.003
834,GR,ZoneB,MFH,001,GR.ZoneB.MFH.04.Gen.ReEx.001.001
835,GR,ZoneB,MFH,002,GR.ZoneB.MFH.04.Gen.ReEx.001.002
836,GR,ZoneB,MFH,003,GR.ZoneB.MFH.04.Gen.ReEx.001.003
837,GR,ZoneB,SFH,001,GR.ZoneB.SFH.01.Gen.ReEx.001.001
838,GR,ZoneB,SFH,002,GR.ZoneB.SFH.01.Gen.ReEx.001.002
839,GR,ZoneB,SFH,003,GR.ZoneB.SFH.01.Gen.ReEx.001.003
840,GR,ZoneB,SFH,001,GR.ZoneB.SFH.02.Gen.ReEx.001.001
841,GR,ZoneB,SFH,002,GR.ZoneB.SFH.02.Gen.ReEx.001.002
842,GR,ZoneB,SFH,003,GR.ZoneB.SFH.02.Gen.ReEx.001.003
843,GR,ZoneB,SFH,001,GR.ZoneB.SFH.03.Gen.ReEx.001.001
844,GR,ZoneB,SFH,002,GR.ZoneB.SFH.03.Gen.ReEx.001.002
845,GR,ZoneB,SFH,003,GR.ZoneB.SFH.03.Gen.ReEx.001.003
846,GR,ZoneB,SFH,001,GR.ZoneB.SFH.04.Gen.ReEx.001.001
847,GR,ZoneB,SFH,002,GR.ZoneB.SFH.04.Gen.ReEx.001.002
848,GR,ZoneB,SFH,003,GR.ZoneB.SFH.04.Gen.ReEx.001.003
849,HU,N,AB,001,HU.N.AB.05.Gen.ReEx.001.001
850,HU,N,AB,002,HU.N.AB.05.Gen.ReEx.001.002
851,HU,N,AB,003,HU.N.AB.05.Gen.ReEx.001.003
852,HU,N,MFH,001,HU.N.MFH.01.Gen.ReEx.001.001
853,HU,N,MFH,002,HU.N.MFH.01.Gen.ReEx.001.002
854,HU,N,MFH,003,HU.N.MFH.01.Gen.ReEx.001.003
855,HU,N,MFH,001,HU.N.MFH.02.Gen.ReEx.001.001
856,HU,N,MFH,002,HU.N.MFH.02.Gen.ReEx.001.002
857,HU,N,MFH,003,HU.N.MFH.02.Gen.ReEx.001.003
858,HU,N,MFH,001,HU.N.MFH.03.Gen.ReEx.001.001
859,HU,N,MFH,002,HU.N.MFH.03.Gen.ReEx.001.002
860,HU,N,MFH,003,HU.N.MFH.03.Gen.ReEx.001.003
861,HU,N,MFH,001,HU.N.MFH.04.Gen.ReEx.001.001
862,HU,N,MFH,002,HU.N.MFH.04.Gen.ReEx.001.002
863,HU,N,MFH,003,HU.N.MFH.04.Gen.ReEx.001.003
864,HU,N,MFH,001,HU.N.MFH.05.Gen.ReEx.001.001
865,HU,N,MFH,002,HU.N.MFH.05.Gen.ReEx.001.002
866,HU,N,MFH,003,HU.N.MFH.05.Gen.ReEx.001.003
867,HU,N,SFH,001,HU.N.SFH.01.Gen.ReEx.001.001
868,HU,N,SFH,002,HU.N.SFH.01.Gen.ReEx.001.002
869,HU,N,SFH,003,HU.N.SFH.01.Gen.ReEx.001.003
870,HU,N,SFH,001,HU.N.SFH.02.Gen.ReEx.001.001
871,HU,N,SFH,002,HU.N.SFH.02.Gen.ReEx.001.002
872,HU,N,SFH,003,HU.N.SFH.02.Gen.ReEx.001.003
873,HU,N,SFH,001,HU.N.SFH.03.Gen.ReEx.001.001
874,HU,N,SFH,002,HU.N.SFH.03.Gen.ReEx.001.002
875,HU,N,SFH,003,HU.N.SFH.03.Gen.ReEx.001.003
876,HU,N,SFH,001,HU.N.SFH.04.Gen.ReEx.001.001
877,HU,N,SFH,002,HU.N.SFH.04.Gen.ReEx.001.002
878,HU,N,SFH,003,HU.N.SFH.04.Gen.ReEx.001.003
879,HU,N,SFH,001,HU.N.SFH.05.Gen.ReEx.001.001
880,HU,N,SFH,002,HU.N.SFH.05.Gen.ReEx.001.002
881,HU,N,SFH,003,HU.N.SFH.05.Gen.ReEx.001.003
882,IE,N,AB,001,IE.N.AB.04.Gen.ReEx.001.001
883,IE,N,AB,002,IE.N.AB.04.Gen.ReEx.001.002
884,IE,N,AB,003,IE.N.AB.04.Gen.ReEx.001.003
885,IE,N,AB,001,IE.N.AB.06.Gen.ReEx.001.001
886,IE,N,AB,002,IE.N.AB.06.Gen.ReEx.001.002
887,IE,N,AB,003,IE.N.AB.06.Gen.ReEx.001.003
888,IE,N,AB,001,IE.N.AB.07.Gen.ReEx.001.001
889,IE,N,AB,002,IE.N.AB.07.Gen.ReEx.001.002
890,IE,N,AB,003,IE.N.AB.07.Gen.ReEx.001.003
891,IE,N,AB,001,IE.N.AB.08.Gen.ReEx.001.001
892,IE,N,AB,002,IE.N.AB.08.Gen.ReEx.001.002
893,IE,N,AB,003,IE.N.AB.08.Gen.ReEx.001.003
894,IE,N,AB,001,IE.N.AB.09.Gen.ReEx.001.001
895,IE,N,AB,002,IE.N.AB.09.Gen.ReEx.001.002
896,IE,N,AB,003,IE.N.AB.09.Gen.ReEx.001.003
897,IE,N,AB,001,IE.N.AB.10.Gen.ReEx.001.001
898,IE,N,AB,003,IE.N.AB.10.Gen.ReEx.001.003
899,IE,N,SFH,001,IE.N.SFH.01.Gen.ReEx.001.001
900,IE,N,SFH,002,IE.N.SFH.01.Gen.ReEx.001.002
901,IE,N,SFH,003,IE.N.SFH.01.Gen.ReEx.001.003
902,IE,N,SFH,001,IE.N.SFH.02.Gen.ReEx.001.001
903,IE,N,SFH,002,IE.N.SFH.02.Gen.ReEx.001.002
904,IE,N,SFH,003,IE.N.SFH.02.Gen.ReEx.001.003
905,IE,N,SFH,001,IE.N.SFH.03.Gen.ReEx.001.001
906,IE,N,SFH,002,IE.N.SFH.03.Gen.ReEx.001.002
907,IE,N,SFH,003,IE.N.SFH.03.Gen.ReEx.001.003
908,IE,N,SFH,001,IE.N.SFH.04.Gen.ReEx.001.001
909,IE,N,SFH,002,IE.N.SFH.04.Gen.ReEx.001.002
910,IE,N,SFH,003,IE.N.SFH.04.Gen.ReEx.001.003
911,IE,N,SFH,001,IE.N.SFH.05.Gen.ReEx.001.001
912,IE,N,SFH,002,IE.N.SFH.05.Gen.ReEx.001.002
913,IE,N,SFH,003,IE.N.SFH.05.Gen.ReEx.001.003
914,IE,N,SFH,001,IE.N.SFH.06.Gen.ReEx.001.001
915,IE,N,SFH,002,IE.N.SFH.06.Gen.ReEx.001.002
916,IE,N,SFH,003,IE.N.SFH.06.Gen.ReEx.001.003
917,IE,N,SFH,001,IE.N.SFH.07.Gen.ReEx.001.001
918,IE,N,SFH,002,IE.N.SFH.07.Gen.ReEx.001.002
919,IE,N,SFH,003,IE.N.SFH.07.Gen.ReEx.001.003
920,IE,N,SFH,001,IE.N.SFH.08.Gen.ReEx.001.001
921,IE,N,SFH,002,IE.N.SFH.08.Gen.ReEx.001.002
922,IE,N,SFH,003,IE.N.SFH.08.Gen.ReEx.001.003
923,IE,N,SFH,001,IE.N.SFH.09.Gen.ReEx.001.001
924,IE,N,SFH,002,IE.N.SFH.09.Gen.ReEx.001.002
925,IE,N,SFH,003,IE.N.SFH.09.Gen.ReEx.001.003
926,IE,N,SFH,001,IE.N.SFH.10.Gen.ReEx.001.001
927,IE,N,SFH,003,IE.N.SFH.10.Gen.ReEx.001.003
928,IE,N,TH,001,IE.N.TH.01.Gen.ReEx.001.001
929,IE,N,TH,002,IE.N.TH.01.Gen.ReEx.001.002
930,IE,N,TH,003,IE.N.TH.01.Gen.ReEx.001.003
931,IE,N,TH,001,IE.N.TH.02.Gen.ReEx.001.001
932,IE,N,TH,002,IE.N.TH.02.Gen.ReEx.001.002
933,IE,N,TH,003,IE.N.TH.02.Gen.ReEx.001.003
934,IE,N,TH,001,IE.N.TH.03.Gen.ReEx.001.001
935,IE,N,TH,002,IE.N.TH.03.Gen.ReEx.001.002
936,IE,N,TH,003,IE.N.TH.03.Gen.ReEx.001.003
937,IE,N,TH,001,IE.N.TH.04.Gen.ReEx.001.001
938,IE,N,TH,002,IE.N.TH.04.Gen.ReEx.001.002
939,IE,N,TH,003,IE.N.TH.04.Gen.ReEx.001.003
940,IE,N,TH,001,IE.N.TH.05.Gen.ReEx.001.001
941,IE,N,TH,002,IE.N.TH.05.Gen.ReEx.001.002
942,IE,N,TH,003,IE.N.TH.05.Gen.ReEx.001.003
943,IE,N,TH,001,IE.N.TH.06.Gen.ReEx.001.001
944,IE,N,TH,002,IE.N.TH.06.Gen.ReEx.001.002
945,IE,N,TH,003,IE.N.TH.06.Gen.ReEx.001.003
946,IE,N,TH,001,IE.N.TH.07.Gen.ReEx.001.001
947,IE,N,TH,002,IE.N.TH.07.Gen.ReEx.001.002
948,IE,N,TH,003,IE.N.TH.07.Gen.ReEx.001.003
949,IE,N,TH,001,IE.N.TH.08.Gen.ReEx.001.001
950,IE,N,TH,002,IE.N.TH.08.Gen.ReEx.001.002
951,IE,N,TH,003,IE.N.TH.08.Gen.ReEx.001.003
952,IE,N,TH,001,IE.N.TH.09.Gen.ReEx.001.001
953,IE,N,TH,002,IE.N.TH.09.Gen.ReEx.001.002
954,IE,N,TH,003,IE.N.TH.09.Gen.ReEx.001.003
955,IT,MidClim,AB,001,IT.MidClim.AB.01.Gen.ReEx.001.001
956,IT,MidClim,AB,002,IT.MidClim.AB.01.Gen.ReEx.001.002
957,IT,MidClim,AB,003,IT.MidClim.AB.01.Gen.ReEx.001.003
958,IT,MidClim,AB,001,IT.MidClim.AB.02.Gen.ReEx.001.001
959,IT,MidClim,AB,002,IT.MidClim.AB.02.Gen.ReEx.001.002
960,IT,MidClim,AB,003,IT.MidClim.AB.02.Gen.ReEx.001.003
961,IT,MidClim,AB,001,IT.MidClim.AB.03.Gen.ReEx.001.001
962,IT,MidClim,AB,002,IT.MidClim.AB.03.Gen.ReEx.001.002
963,IT,MidClim,AB,003,IT.MidClim.AB.03.Gen.ReEx.001.003
964,IT,MidClim,AB,001,IT.MidClim.AB.04.Gen.ReEx.001.001
965,IT,MidClim,AB,002,IT.MidClim.AB.04.Gen.ReEx.001.002
966,IT,MidClim,AB,003,IT.MidClim.AB.04.Gen.ReEx.001.003
967,IT,MidClim,AB,001,IT.MidClim.AB.05.Gen.ReEx.001.001
968,IT,MidClim,AB,002,IT.MidClim.AB.05.Gen.ReEx.001.002
969,IT,MidClim,AB,003,IT.MidClim.AB.05.Gen.ReEx.001.003
970,IT,MidClim,AB,001,IT.MidClim.AB.06.Gen.ReEx.001.001
971,IT,MidClim,AB,002,IT.MidClim.AB.06.Gen.ReEx.001.002
972,IT,MidClim,AB,003,IT.MidClim.AB.06.Gen.ReEx.001.003
973,IT,MidClim,AB,001,IT.MidClim.AB.07.Gen.ReEx.001.001
974,IT,MidClim,AB,002,IT.MidClim.AB.07.Gen.ReEx.001.002
975,IT,MidClim,AB,003,IT.MidClim.AB.07.Gen.ReEx.001.003
976,IT,MidClim,AB,001,IT.MidClim.AB.08.Gen.ReEx.001.001
977,IT,MidClim,AB,002,IT.MidClim.AB.08.Gen.ReEx.001.002
978,IT,MidClim,AB,003,IT.MidClim.AB.08.Gen.ReEx.001.003
979,IT,MidClim,MFH,001,IT.MidClim.MFH.01.Gen.ReEx.001.001
980,IT,MidClim,MFH,002,IT.MidClim.MFH.01.Gen.ReEx.001.002
981,IT,MidClim,MFH,003,IT.MidClim.MFH.01.Gen.ReEx.001.003
982,IT,MidClim,MFH,001,IT.MidClim.MFH.02.Gen.ReEx.001.001
983,IT,MidClim,MFH,002,IT.MidClim.MFH.02.Gen.ReEx.001.002
984,IT,MidClim,MFH,003,IT.MidClim.MFH.02.Gen.ReEx.001.003
985,IT,MidClim,MFH,001,IT.MidClim.MFH.03.Gen.ReEx.001.001
986,IT,MidClim,MFH,002,IT.MidClim.MFH.03.Gen.ReEx.001.002
987,IT,MidClim,MFH,003,IT.MidClim.MFH.03.Gen.ReEx.001.003
988,IT,MidClim,MFH,001,IT.MidClim.MFH.04.Gen.ReEx.001.001
989,IT,MidClim,MFH,002,IT.MidClim.MFH.04.Gen.ReEx.001.002
990,IT,MidClim,MFH,003,IT.MidClim.MFH.04.Gen.ReEx.001.003
991,IT,MidClim,MFH,001,IT.MidClim.MFH.05.Gen.ReEx.001.001
992,IT,MidClim,MFH,002,IT.MidClim.MFH.05.Gen.ReEx.001.002
993,IT,MidClim,MFH,003,IT.MidClim.MFH.05.Gen.ReEx.001.003
994,IT,MidClim,MFH,001,IT.MidClim.MFH.06.Gen.ReEx.001.001
995,IT,MidClim,MFH,002,IT.MidClim.MFH.06.Gen.ReEx.001.002
996,IT,MidClim,MFH,003,IT.MidClim.MFH.06.Gen.ReEx.001.003
997,IT,MidClim,MFH,001,IT.MidClim.MFH.07.Gen.ReEx.001.001
998,IT,MidClim,MFH,002,IT.MidClim.MFH.07.Gen.ReEx.001.002
999,IT,MidClim,MFH,003,IT.MidClim.MFH.07.Gen.ReEx.001.003
1000,IT,MidClim,MFH,001,IT.MidClim.MFH.08.Gen.ReEx.001.001
1001,IT,MidClim,MFH,002,IT.MidClim.MFH.08.Gen.ReEx.001.002
1002,IT,MidClim,MFH,003,IT.MidClim.MFH.08.Gen.ReEx.001.003
1003,IT,MidClim,SFH,001,IT.MidClim.SFH.01.Gen.ReEx.001.001
1004,IT,MidClim,SFH,002,IT.MidClim.SFH.01.Gen.ReEx.001.002
1005,IT,MidClim,SFH,003,IT.MidClim.SFH.01.Gen.ReEx.001.003
1006,IT,MidClim,SFH,001,IT.MidClim.SFH.02.Gen.ReEx.001.001
1007,IT,MidClim,SFH,002,IT.MidClim.SFH.02.Gen.ReEx.001.002
1008,IT,MidClim,SFH,003,IT.MidClim.SFH.02.Gen.ReEx.001.003
1009,IT,MidClim,SFH,001,IT.MidClim.SFH.03.Gen.ReEx.001.001
1010,IT,MidClim,SFH,002,IT.MidClim.SFH.03.Gen.ReEx.001.002
1011,IT,MidClim,SFH,003,IT.MidClim.SFH.03.Gen.ReEx.001.003
1012,IT,MidClim,SFH,001,IT.MidClim.SFH.04.Gen.ReEx.001.001
1013,IT,MidClim,SFH,002,IT.MidClim.SFH.04.Gen.ReEx.001.002
1014,IT,MidClim,SFH,003,IT.MidClim.SFH.04.Gen.ReEx.001.003
1015,IT,MidClim,SFH,001,IT.MidClim.SFH.05.Gen.ReEx.001.001
1016,IT,MidClim,SFH,002,IT.MidClim.SFH.05.Gen.ReEx.001.002
1017,IT,MidClim,SFH,003,IT.MidClim.SFH.05.Gen.ReEx.001.003
1018,IT,MidClim,SFH,001,IT.MidClim.SFH.06.Gen.ReEx.001.001
1019,IT,MidClim,SFH,002,IT.MidClim.SFH.06.Gen.ReEx.001.002
1020,IT,MidClim,SFH,003,IT.MidClim.SFH.06.Gen.ReEx.001.003
1021,IT,MidClim,SFH,001,IT.MidClim.SFH.07.Gen.ReEx.001.001
1022,IT,MidClim,SFH,002,IT.MidClim.SFH.07.Gen.ReEx.001.002
1023,IT,MidClim,SFH,003,IT.MidClim.SFH.07.Gen.ReEx.001.003
1024,IT,MidClim,SFH,001,IT.MidClim.SFH.08.Gen.ReEx.001.001
1025,IT,MidClim,SFH,002,IT.MidClim.SFH.08.Gen.ReEx.001.002
1026,IT,MidClim,SFH,003,IT.MidClim.SFH.08.Gen.ReEx.001.003
1027,IT,MidClim,TH,001,IT.MidClim.TH.01.Gen.ReEx.001.001
1028,IT,MidClim,TH,002,IT.MidClim.TH.01.Gen.ReEx.001.002
1029,IT,MidClim,TH,003,IT.MidClim.TH.01.Gen.ReEx.001.003
1030,IT,MidClim,TH,001,IT.MidClim.TH.02.Gen.ReEx.001.001
1031,IT,MidClim,TH,002,IT.MidClim.TH.02.Gen.ReEx.001.002
1032,IT,MidClim,TH,003,IT.MidClim.TH.02.Gen.ReEx.001.003
1033,IT,MidClim,TH,001,IT.MidClim.TH.03.Gen.ReEx.001.001
1034,IT,MidClim,TH,002,IT.MidClim.TH.03.Gen.ReEx.001.002
1035,IT,MidClim,TH,003,IT.MidClim.TH.03.Gen.ReEx.001.003
1036,IT,MidClim,TH,001,IT.MidClim.TH.04.Gen.ReEx.001.001
1037,IT,MidClim,TH,002,IT.MidClim.TH.04.Gen.ReEx.001.002
1038,IT,MidClim,TH,003,IT.MidClim.TH.04.Gen.ReEx.001.003
1039,IT,MidClim,TH,001,IT.MidClim.TH.05.Gen.ReEx.001.001
1040,IT,MidClim,TH,002,IT.MidClim.TH.05.Gen.ReEx.001.002
1041,IT,MidClim,TH,003,IT.MidClim.TH.05.Gen.ReEx.001.003
1042,IT,MidClim,TH,001,IT.MidClim.TH.06.Gen.ReEx.001.001
1043,IT,MidClim,TH,002,IT.MidClim.TH.06.Gen.ReEx.001.002
1044,IT,MidClim,TH,003,IT.MidClim.TH.06.Gen.ReEx.001.003
1045,IT,MidClim,TH,001,IT.MidClim.TH.07.Gen.ReEx.001.001
1046,IT,MidClim,TH,002,IT.MidClim.TH.07.Gen.ReEx.001.002
1047,IT,MidClim,TH,003,IT.MidClim.TH.07.Gen.ReEx.001.003
1048,IT,MidClim,TH,001,IT.MidClim.TH.08.Gen.ReEx.001.001
1049,IT,MidClim,TH,002,IT.MidClim.TH.08.Gen.ReEx.001.002
1050,IT,MidClim,TH,003,IT.MidClim.TH.08.Gen.ReEx.001.003
1051,NL,N,AB,001,NL.N.AB.01.Gen.ReEx.001.001
1052,NL,N,AB,002,NL.N.AB.01.Gen.ReEx.001.002
1053,NL,N,AB,003,NL.N.AB.01.Gen.ReEx.001.003
1054,NL,N,AB,001,NL.N.AB.02.Gen.ReEx.001.001
1055,NL,N,AB,002,NL.N.AB.02.Gen.ReEx.001.002
1056,NL,N,AB,003,NL.N.AB.02.Gen.ReEx.001.003
1057,NL,N,AB,001,NL.N.AB.03.Gen.ReEx.001.001
1058,NL,N,AB,002,NL.N.AB.03.Gen.ReEx.001.002
1059,NL,N,AB,003,NL.N.AB.03.Gen.ReEx.001.003
1060,NL,N,AB,001,NL.N.AB.04.Gen.ReEx.001.001
1061,NL,N,AB,002,NL.N.AB.04.Gen.ReEx.001.002
1062,NL,N,AB,003,NL.N.AB.04.Gen.ReEx.001.003
1063,NL,N,AB,001,NL.N.AB.05.Gen.ReEx.001.001
1064,NL,N,AB,002,NL.N.AB.05.Gen.ReEx.001.002
1065,NL,N,AB,003,NL.N.AB.05.Gen.ReEx.001.003
1066,NL,N,AB,001,NL.N.AB.06.Gen.ReEx.001.001
1067,NL,N,AB,003,NL.N.AB.06.Gen.ReEx.001.003
1068,NL,N,MFH,001,NL.N.MFH.01.Gen.ReEx.001.001
1069,NL,N,MFH,002,NL.N.MFH.01.Gen.ReEx.001.002
1070,NL,N,MFH,003,NL.N.MFH.01.Gen.ReEx.001.003
1071,NL,N,MFH,001,NL.N.MFH.02.Gen.ReEx.001.001
1072,NL,N,MFH,002,NL.N.MFH.02.Gen.ReEx.001.002
1073,NL,N,MFH,003,NL.N.MFH.02.Gen.ReEx.001.003
1074,NL,N,MFH,001,NL.N.MFH.03.Gen.ReEx.001.001
1075,NL,N,MFH,002,NL.N.MFH.03.Gen.ReEx.001.002
1076,NL,N,MFH,003,NL.N.MFH.03.Gen.ReEx.001.003
1077,NL,N,MFH,001,NL.N.MFH.04.Gen.ReEx.001.001
1078,NL,N,MFH,002,NL.N.MFH.04.Gen.ReEx.001.002
1079,NL,N,MFH,003,NL.N.MFH.04.Gen.ReEx.001.003
1080,NL,N,MFH,001,NL.N.MFH.05.Gen.ReEx.001.001
1081,NL,N,MFH,002,NL.N.MFH.05.Gen.ReEx.001.002
1082,NL,N,MFH,003,NL.N.MFH.05.Gen.ReEx.001.003
1083,NL,N,MFH,001,NL.N.MFH.06.Gen.ReEx.001.001
1084,NL,N,MFH,003,NL.N.MFH.06.Gen.ReEx.001.003
1085,NL,N,SFH,001,NL.N.SFH.01.Gen.ReEx.001.001
1086,NL,N,SFH,002,NL.N.SFH.01.Gen.ReEx.001.002
1087,NL,N,SFH,003,NL.N.SFH.01.Gen.ReEx.001.003
1088,NL,N,SFH,001,NL.N.SFH.02.Gen.ReEx.001.001
1089,NL,N,SFH,002,NL.N.SFH.02.Gen.ReEx.001.002
1090,NL,N,SFH,003,NL.N.SFH.02.Gen.ReEx.001.003
1091,NL,N,SFH,001,NL.N.SFH.03.Gen.ReEx.001.001
1092,NL,N,SFH,002,NL.N.SFH.03.Gen.ReEx.001.002
1093,NL,N,SFH,003,NL.N.SFH.03.Gen.ReEx.001.003
1094,NL,N,SFH,001,NL.N.SFH.04.Gen.ReEx.001.001
1095,NL,N,SFH,002,NL.N.SFH.04.Gen.ReEx.001.002
1096,NL,N,SFH,003,NL.N.SFH.04.Gen.ReEx.001.003
1097,NL,N,SFH,001,NL.N.SFH.05.Gen.ReEx.001.001
1098,NL,N,SFH,002,NL.N.SFH.05.Gen.ReEx.001.002
1099,NL,N,SFH,003,NL.N.SFH.05.Gen.ReEx.001.003
1100,NL,N,SFH,001,NL.N.SFH.06.Gen.ReEx.001.001
1101,NL,N,SFH,003,NL.N.SFH.06.Gen.ReEx.001.003
1102,NL,N,TH,001,NL.N.TH.01.Gen.ReEx.001.001
1103,NL,N,TH,002,NL.N.TH.01.Gen.ReEx.001.002
1104,NL,N,TH,003,NL.N.TH.01.Gen.ReEx.001.003
1105,NL,N,TH,001,NL.N.TH.02.Gen.ReEx.001.001
1106,NL,N,TH,002,NL.N.TH.02.Gen.ReEx.001.002
1107,NL,N,TH,003,NL.N.TH.02.Gen.ReEx.001.003
1108,NL,N,TH,001,NL.N.TH.03.Gen.ReEx.001.001
1109,NL,N,TH,002,NL.N.TH.03.Gen.ReEx.001.002
1110,NL,N,TH,003,NL.N.TH.03.Gen.ReEx.001.003
1111,NL,N,TH,001,NL.N.TH.04.Gen.ReEx.001.001
1112,NL,N,TH,002,NL.N.TH.04.Gen.ReEx.001.002
1113,NL,N,TH,003,NL.N.TH.04.Gen.ReEx.001.003
1114,NL,N,TH,001,NL.N.TH.05.Gen.ReEx.001.001
1115,NL,N,TH,002,NL.N.TH.05.Gen.ReEx.001.002
1116,NL,N,TH,003,NL.N.TH.05.Gen.ReEx.001.003
1117,NL,N,TH,001,NL.N.TH.06.Gen.ReEx.001.001
1118,NL,N,TH,003,NL.N.TH.06.Gen.ReEx.001.003
1119,NO,N,AB,001,NO.N.AB.01.Gen.ReEx.001.001
1120,NO,N,AB,002,NO.N.AB.01.Gen.ReEx.001.002
1121,NO,N,AB,003,NO.N.AB.01.Gen.ReEx.001.003
1122,NO,N,AB,001,NO.N.AB.02.Gen.ReEx.001.001
1123,NO,N,AB,002,NO.N.AB.02.Gen.ReEx.001.002
1124,NO,N,AB,003,NO.N.AB.02.Gen.ReEx.001.003
1125,NO,N,AB,001,NO.N.AB.02.Gen.ReEx.002.001
1126,NO,N,AB,002,NO.N.AB.02.Gen.ReEx.002.002
1127,NO,N,AB,003,NO.N.AB.02.Gen.ReEx.002.003
1128,NO,N,AB,001,NO.N.AB.03.Gen.ReEx.001.001
1129,NO,N,AB,002,NO.N.AB.03.Gen.ReEx.001.002
1130,NO,N,AB,003,NO.N.AB.03.Gen.ReEx.001.003
1131,NO,N,AB,001,NO.N.AB.04.Gen.ReEx.001.001
1132,NO,N,AB,002,NO.N.AB.04.Gen.ReEx.001.002
1133,NO,N,AB,003,NO.N.AB.04.Gen.ReEx.001.003
1134,NO,N,AB,001,NO.N.AB.05.Gen.ReEx.001.001
1135,NO,N,AB,002,NO.N.AB.05.Gen.ReEx.001.002
1136,NO,N,AB,003,NO.N.AB.05.Gen.ReEx.001.003
1137,NO,N,AB,001,NO.N.AB.06.Gen.ReEx.001.001
1138,NO,N,AB,002,NO.N.AB.06.Gen.ReEx.001.002
1139,NO,N,AB,003,NO.N.AB.06.Gen.ReEx.001.003
1140,NO,N,AB,001,NO.N.AB.07.Gen.ReEx.001.001
1141,NO,N,AB,002,NO.N.AB.07.Gen.ReEx.001.002
1142,NO,N,AB,003,NO.N.AB.07.Gen.ReEx.001.003
1143,NO,N,SFH,001,NO.N.SFH.01.Gen.ReEx.001.001
1144,NO,N,SFH,002,NO.N.SFH.01.Gen.ReEx.001.002
1145,NO,N,SFH,003,NO.N.SFH.01.Gen.ReEx.001.003
1146,NO,N,SFH,001,NO.N.SFH.02.Gen.ReEx.001.001
1147,NO,N,SFH,002,NO.N.SFH.02.Gen.ReEx.001.002
1148,NO,N,SFH,003,NO.N.SFH.02.Gen.ReEx.001.003
1149,NO,N,SFH,001,NO.N.SFH.02.Gen.ReEx.002.001
1150,NO,N,SFH,002,NO.N.SFH.02.Gen.ReEx.002.002
1151,NO,N,SFH,003,NO.N.SFH.02.Gen.ReEx.002.003
1152,NO,N,SFH,001,NO.N.SFH.03.Gen.ReEx.001.001
1153,NO,N,SFH,002,NO.N.SFH.03.Gen.ReEx.001.002
1154,NO,N,SFH,003,NO.N.SFH.03.Gen.ReEx.001.003
1155,NO,N,SFH,001,NO.N.SFH.04.Gen.ReEx.001.001
1156,NO,N,SFH,002,NO.N.SFH.04.Gen.ReEx.001.002
1157,NO,N,SFH,003,NO.N.SFH.04.Gen.ReEx.001.003
1158,NO,N,SFH,001,NO.N.SFH.05.Gen.ReEx.001.001
1159,NO,N,SFH,002,NO.N.SFH.05.Gen.ReEx.001.002
1160,NO,N,SFH,003,NO.N.SFH.05.Gen.ReEx.001.003
1161,NO,N,SFH,001,NO.N.SFH.06.Gen.ReEx.001.001
1162,NO,N,SFH,002,NO.N.SFH.06.Gen.ReEx.001.002
1163,NO,N,SFH,003,NO.N.SFH.06.Gen.ReEx.001.003
1164,NO,N,SFH,001,NO.N.SFH.07.Gen.ReEx.001.001
1165,NO,N,SFH,002,NO.N.SFH.07.Gen.ReEx.001.002
1166,NO,N,SFH,003,NO.N.SFH.07.Gen.ReEx.001.003
1167,NO,N,TH,001,NO.N.TH.01.Gen.ReEx.001.001
1168,NO,N,TH,002,NO.N.TH.01.Gen.ReEx.001.002
1169,NO,N,TH,003,NO.N.TH.01.Gen.ReEx.001.003
1170,NO,N,TH,001,NO.N.TH.02.Gen.ReEx.001.001
1171,NO,N,TH,002,NO.N.TH.02.Gen.ReEx.001.002
1172,NO,N,TH,003,NO.N.TH.02.Gen.ReEx.001.003
1173,NO,N,TH,001,NO.N.TH.03.Gen.ReEx.001.001
1174,NO,N,TH,002,NO.N.TH.03.Gen.ReEx.001.002
1175,NO,N,TH,003,NO.N.TH.03.Gen.ReEx.001.003
1176,NO,N,TH,001,NO.N.TH.04.Gen.ReEx.001.001
1177,NO,N,TH,002,NO.N.TH.04.Gen.ReEx.001.002
1178,NO,N,TH,003,NO.N.TH.04.Gen.ReEx.001.003
1179,NO,N,TH,001,NO.N.TH.05.Gen.ReEx.001.001
1180,NO,N,TH,002,NO.N.TH.05.Gen.ReEx.001.002
1181,NO,N,TH,003,NO.N.TH.05.Gen.ReEx.001.003
1182,NO,N,TH,001,NO.N.TH.06.Gen.ReEx.001.001
1183,NO,N,TH,002,NO.N.TH.06.Gen.ReEx.001.002
1184,NO,N,TH,003,NO.N.TH.06.Gen.ReEx.001.003
1185,NO,N,TH,001,NO.N.TH.07.Gen.ReEx.001.001
1186,NO,N,TH,002,NO.N.TH.07.Gen.ReEx.001.002
1187,NO,N,TH,003,NO.N.TH.07.Gen.ReEx.001.003
1188,PL,N,AB,001,PL.N.AB.03.Gen.ReEx.001.001
1189,PL,N,AB,002,PL.N.AB.03.Gen.ReEx.001.002
1190,PL,N,AB,003,PL.N.AB.03.Gen.ReEx.001.003
1191,PL,N,AB,001,PL.N.AB.04.Gen.ReEx.001.001
1192,PL,N,AB,002,PL.N.AB.04.Gen.ReEx.001.002
1193,PL,N,AB,003,PL.N.AB.04.Gen.ReEx.001.003
1194,PL,N,AB,001,PL.N.AB.05.Gen.ReEx.001.001
1195,PL,N,AB,002,PL.N.AB.05.Gen.ReEx.001.002
1196,PL,N,AB,003,PL.N.AB.05.Gen.ReEx.001.003
1197,PL,N,AB,001,PL.N.AB.06.Gen.ReEx.001.001
1198,PL,N,AB,002,PL.N.AB.06.Gen.ReEx.001.002
1199,PL,N,AB,003,PL.N.AB.06.Gen.ReEx.001.003
1200,PL,N,AB,001,PL.N.AB.07.Gen.ReEx.001.001
1201,PL,N,AB,002,PL.N.AB.07.Gen.ReEx.001.002
1202,PL,N,AB,003,PL.N.AB.07.Gen.ReEx.001.003
1203,PL,N,MFH,001,PL.N.MFH.01.Gen.ReEx.001.001
1204,PL,N,MFH,002,PL.N.MFH.01.Gen.ReEx.001.002
1205,PL,N,MFH,003,PL.N.MFH.01.Gen.ReEx.001.003
1206,PL,N,MFH,001,PL.N.MFH.02.Gen.ReEx.001.001
1207,PL,N,MFH,002,PL.N.MFH.02.Gen.ReEx.001.002
1208,PL,N,MFH,003,PL.N.MFH.02.Gen.ReEx.001.003
1209,PL,N,MFH,001,PL.N.MFH.03.Gen.ReEx.001.001
1210,PL,N,MFH,002,PL.N.MFH.03.Gen.ReEx.001.002
1211,PL,N,MFH,003,PL.N.MFH.03.Gen.ReEx.001.003
1212,PL,N,MFH,001,PL.N.MFH.04.Gen.ReEx.001.001
1213,PL,N,MFH,002,PL.N.MFH.04.Gen.ReEx.001.002
1214,PL,N,MFH,003,PL.N.MFH.04.Gen.ReEx.001.003
1215,PL,N,MFH,001,PL.N.MFH.05.Gen.ReEx.001.001
1216,PL,N,MFH,002,PL.N.MFH.05.Gen.ReEx.001.002
1217,PL,N,MFH,003,PL.N.MFH.05.Gen.ReEx.001.003
1218,PL,N,MFH,001,PL.N.MFH.06.Gen.ReEx.001.001
1219,PL,N,MFH,002,PL.N.MFH.06.Gen.ReEx.001.002
1220,PL,N,MFH,003,PL.N.MFH.06.Gen.ReEx.001.003
1221,PL,N,MFH,001,PL.N.MFH.07.Gen.ReEx.001.001
1222,PL,N,MFH,002,PL.N.MFH.07.Gen.ReEx.001.002
1223,PL,N,MFH,003,PL.N.MFH.07.Gen.ReEx.001.003
1224,PL,N,SFH,001,PL.N.SFH.01.Gen.ReEx.001.001
1225,PL,N,SFH,002,PL.N.SFH.01.Gen.ReEx.001.002
1226,PL,N,SFH,003,PL.N.SFH.01.Gen.ReEx.001.003
1227,PL,N,SFH,001,PL.N.SFH.02.Gen.ReEx.001.001
1228,PL,N,SFH,002,PL.N.SFH.02.Gen.ReEx.001.002
1229,PL,N,SFH,003,PL.N.SFH.02.Gen.ReEx.001.003
1230,PL,N,SFH,001,PL.N.SFH.03.Gen.ReEx.001.001
1231,PL,N,SFH,002,PL.N.SFH.03.Gen.ReEx.001.002
1232,PL,N,SFH,003,PL.N.SFH.03.Gen.ReEx.001.003
1233,PL,N,SFH,001,PL.N.SFH.04.Gen.ReEx.001.001
1234,PL,N,SFH,002,PL.N.SFH.04.Gen.ReEx.001.002
1235,PL,N,SFH,003,PL.N.SFH.04.Gen.ReEx.001.003
1236,PL,N,SFH,001,PL.N.SFH.05.Gen.ReEx.001.001
1237,PL,N,SFH,002,PL.N.SFH.05.Gen.ReEx.001.002
1238,PL,N,SFH,003,PL.N.SFH.05.Gen.ReEx.001.003
1239,PL,N,SFH,001,PL.N.SFH.06.Gen.ReEx.001.001
1240,PL,N,SFH,002,PL.N.SFH.06.Gen.ReEx.001.002
1241,PL,N,SFH,003,PL.N.SFH.06.Gen.ReEx.001.003
1242,PL,N,SFH,001,PL.N.SFH.07.Gen.ReEx.001.001
1243,PL,N,SFH,002,PL.N.SFH.07.Gen.ReEx.001.002
1244,PL,N,SFH,003,PL.N.SFH.07.Gen.ReEx.001.003
1245,PL,N,TH,001,PL.N.TH.01.Gen.ReEx.001.001
1246,PL,N,TH,002,PL.N.TH.01.Gen.ReEx.001.002
1247,PL,N,TH,003,PL.N.TH.01.Gen.ReEx.001.003
1248,PL,N,TH,001,PL.N.TH.02.Gen.ReEx.001.001
1249,PL,N,TH,002,PL.N.TH.02.Gen.ReEx.001.002
1250,PL,N,TH,003,PL.N.TH.02.Gen.ReEx.001.003
1251,PL,N,TH,001,PL.N.TH.03.Gen.ReEx.001.001
1252,PL,N,TH,002,PL.N.TH.03.Gen.ReEx.001.002
1253,PL,N,TH,003,PL.N.TH.03.Gen.ReEx.001.003
1254,PL,N,TH,001,PL.N.TH.04.Gen.ReEx.001.001
1255,PL,N,TH,002,PL.N.TH.04.Gen.ReEx.001.002
1256,PL,N,TH,003,PL.N.TH.04.Gen.ReEx.001.003
1257,PL,N,TH,001,PL.N.TH.05.Gen.ReEx.001.001
1258,PL,N,TH,002,PL.N.TH.05.Gen.ReEx.001.002
1259,PL,N,TH,003,PL.N.TH.05.Gen.ReEx.001.003
1260,PL,N,TH,001,PL.N.TH.06.Gen.ReEx.001.001
1261,PL,N,TH,002,PL.N.TH.06.Gen.ReEx.001.002
1262,PL,N,TH,003,PL.N.TH.06.Gen.ReEx.001.003
1263,PL,N,TH,001,PL.N.TH.07.Gen.ReEx.001.001
1264,PL,N,TH,002,PL.N.TH.07.Gen.ReEx.001.002
1265,PL,N,TH,003,PL.N.TH.07.Gen.ReEx.001.003
1266,RS,N,AB,001,RS.N.AB.01.Gen.ReEx.001.001
1267,RS,N,AB,002,RS.N.AB.01.Gen.ReEx.001.002
1268,RS,N,AB,003,RS.N.AB.01.Gen.ReEx.001.003
1269,RS,N,AB,001,RS.N.AB.02.Gen.ReEx.001.001
1270,RS,N,AB,002,RS.N.AB.02.Gen.ReEx.001.002
1271,RS,N,AB,003,RS.N.AB.02.Gen.ReEx.001.003
1272,RS,N,AB,001,RS.N.AB.03.Gen.ReEx.001.001
1273,RS,N,AB,002,RS.N.AB.03.Gen.ReEx.001.002
1274,RS,N,AB,003,RS.N.AB.03.Gen.ReEx.001.003
1275,RS,N,AB,001,RS.N.AB.04.Gen.ReEx.001.001
1276,RS,N,AB,002,RS.N.AB.04.Gen.ReEx.001.002
1277,RS,N,AB,003,RS.N.AB.04.Gen.ReEx.001.003
1278,RS,N,AB,001,RS.N.AB.05.Gen.ReEx.001.001
1279,RS,N,AB,002,RS.N.AB.05.Gen.ReEx.001.002
1280,RS,N,AB,003,RS.N.AB.05.Gen.ReEx.001.003
1281,RS,N,AB,001,RS.N.AB.06.Gen.ReEx.001.001
1282,RS,N,AB,002,RS.N.AB.06.Gen.ReEx.001.002
1283,RS,N,AB,003,RS.N.AB.06.Gen.ReEx.001.003
1284,RS,N,AB,001,RS.N.AB.07.Gen.ReEx.001.001
1285,RS,N,AB,002,RS.N.AB.07.Gen.ReEx.001.002
1286,RS,N,AB,003,RS.N.AB.07.Gen.ReEx.001.003
1287,RS,N,AB,001,RS.N.AB.08.Gen.ReEx.001.001
1288,RS,N,AB,002,RS.N.AB.08.Gen.ReEx.001.002
1289,RS,N,AB,003,RS.N.AB.08.Gen.ReEx.001.003
1290,RS,N,MFH,001,RS.N.MFH.01.Gen.ReEx.001.001
1291,RS,N,MFH,002,RS.N.MFH.01.Gen.ReEx.001.002
1292,RS,N,MFH,003,RS.N.MFH.01.Gen.ReEx.001.003
1293,RS,N,MFH,001,RS.N.MFH.02.Gen.ReEx.001.001
1294,RS,N,MFH,002,RS.N.MFH.02.Gen.ReEx.001.002
1295,RS,N,MFH,003,RS.N.MFH.02.Gen.ReEx.001.003
1296,RS,N,MFH,001,RS.N.MFH.03.Gen.ReEx.001.001
1297,RS,N,MFH,002,RS.N.MFH.03.Gen.ReEx.001.002
1298,RS,N,MFH,003,RS.N.MFH.03.Gen.ReEx.001.003
1299,RS,N,MFH,001,RS.N.MFH.04.Gen.ReEx.001.001
1300,RS,N,MFH,002,RS.N.MFH.04.Gen.ReEx.001.002
1301,RS,N,MFH,003,RS.N.MFH.04.Gen.ReEx.001.003
1302,RS,N,MFH,001,RS.N.MFH.05.Gen.ReEx.001.001
1303,RS,N,MFH,002,RS.N.MFH.05.Gen.ReEx.001.002
1304,RS,N,MFH,003,RS.N.MFH.05.Gen.ReEx.001.003
1305,RS,N,MFH,001,RS.N.MFH.06.Gen.ReEx.001.001
1306,RS,N,MFH,002,RS.N.MFH.06.Gen.ReEx.001.002
1307,RS,N,MFH,003,RS.N.MFH.06.Gen.ReEx.001.003
1308,RS,N,MFH,001,RS.N.MFH.07.Gen.ReEx.001.001
1309,RS,N,MFH,002,RS.N.MFH.07.Gen.ReEx.001.002
1310,RS,N,MFH,003,RS.N.MFH.07.Gen.ReEx.001.003
1311,RS,N,MFH,001,RS.N.MFH.08.Gen.ReEx.001.001
1312,RS,N,MFH,002,RS.N.MFH.08.Gen.ReEx.001.002
1313,RS,N,MFH,003,RS.N.MFH.08.Gen.ReEx.001.003
1314,RS,N,SFH,001,RS.N.SFH.01.Gen.ReEx.001.001
1315,RS,N,SFH,002,RS.N.SFH.01.Gen.ReEx.001.002
1316,RS,N,SFH,003,RS.N.SFH.01.Gen.ReEx.001.003
1317,RS,N,SFH,001,RS.N.SFH.02.Gen.ReEx.001.001
1318,RS,N,SFH,002,RS.N.SFH.02.Gen.ReEx.001.002
1319,RS,N,SFH,003,RS.N.SFH.02.Gen.ReEx.001.003
1320,RS,N,SFH,001,RS.N.SFH.03.Gen.ReEx.001.001
1321,RS,N,SFH,002,RS.N.SFH.03.Gen.ReEx.001.002
1322,RS,N,SFH,003,RS.N.SFH.03.Gen.ReEx.001.003
1323,RS,N,SFH,001,RS.N.SFH.04.Gen.ReEx.001.001
1324,RS,N,SFH,002,RS.N.SFH.04.Gen.ReEx.001.002
1325,RS,N,SFH,003,RS.N.SFH.04.Gen.ReEx.001.003
1326,RS,N,SFH,001,RS.N.SFH.05.Gen.ReEx.001.001
1327,RS,N,SFH,002,RS.N.SFH.05.Gen.ReEx.001.002
1328,RS,N,SFH,003,RS.N.SFH.05.Gen.ReEx.001.003
1329,RS,N,SFH,001,RS.N.SFH.06.Gen.ReEx.001.001
1330,RS,N,SFH,002,RS.N.SFH.06.Gen.ReEx.001.002
1331,RS,N,SFH,003,RS.N.SFH.06.Gen.ReEx.001.003
1332,RS,N,SFH,001,RS.N.SFH.07.Gen.ReEx.001.001
1333,RS,N,SFH,002,RS.N.SFH.07.Gen.ReEx.001.002
1334,RS,N,SFH,003,RS.N.SFH.07.Gen.ReEx.001.003
1335,RS,N,SFH,001,RS.N.SFH.08.Gen.ReEx.001.001
1336,RS,N,SFH,002,RS.N.SFH.08.Gen.ReEx.001.002
1337,RS,N,SFH,003,RS.N.SFH.08.Gen.ReEx.001.003
1338,RS,N,TH,001,RS.N.TH.01.Gen.ReEx.001.001
1339,RS,N,TH,002,RS.N.TH.01.Gen.ReEx.001.002
1340,RS,N,TH,003,RS.N.TH.01.Gen.ReEx.001.003
1341,RS,N,TH,001,RS.N.TH.02.Gen.ReEx.001.001
1342,RS,N,TH,002,RS.N.TH.02.Gen.ReEx.001.002
1343,RS,N,TH,003,RS.N.TH.02.Gen.ReEx.001.003
1344,RS,N,TH,001,RS.N.TH.03.Gen.ReEx.001.001
1345,RS,N,TH,002,RS.N.TH.03.Gen.ReEx.001.002
1346,RS,N,TH,003,RS.N.TH.03.Gen.ReEx.001.003
1347,RS,N,TH,001,RS.N.TH.04.Gen.ReEx.001.001
1348,RS,N,TH,002,RS.N.TH.04.Gen.ReEx.001.002
1349,RS,N,TH,003,RS.N.TH.04.Gen.ReEx.001.003
1350,RS,N,TH,001,RS.N.TH.05.Gen.ReEx.001.001
1351,RS,N,TH,002,RS.N.TH.05.Gen.ReEx.001.002
1352,RS,N,TH,003,RS.N.TH.05.Gen.ReEx.001.003
1353,RS,N,TH,001,RS.N.TH.06.Gen.ReEx.001.001
1354,RS,N,TH,002,RS.N.TH.06.Gen.ReEx.001.002
1355,RS,N,TH,003,RS.N.TH.06.Gen.ReEx.001.003
1356,RS,N,TH,001,RS.N.TH.07.Gen.ReEx.001.001
1357,RS,N,TH,002,RS.N.TH.07.Gen.ReEx.001.002
1358,RS,N,TH,003,RS.N.TH.07.Gen.ReEx.001.003
1359,SE,Zone3,MFH,001,SE.Zone3.MFH.01.Gen.ReEx.001.001
1360,SE,Zone3,MFH,002,SE.Zone3.MFH.01.Gen.ReEx.001.002
1361,SE,Zone3,MFH,003,SE.Zone3.MFH.01.Gen.ReEx.001.003
1362,SE,Zone3,MFH,001,SE.Zone3.MFH.02.Gen.ReEx.001.001
1363,SE,Zone3,MFH,002,SE.Zone3.MFH.02.Gen.ReEx.001.002
1364,SE,Zone3,MFH,003,SE.Zone3.MFH.02.Gen.ReEx.001.003
1365,SE,Zone3,MFH,001,SE.Zone3.MFH.03.Gen.ReEx.001.001
1366,SE,Zone3,MFH,002,SE.Zone3.MFH.03.Gen.ReEx.001.002
1367,SE,Zone3,MFH,003,SE.Zone3.MFH.03.Gen.ReEx.001.003
1368,SE,Zone3,MFH,001,SE.Zone3.MFH.04.Gen.ReEx.001.001
1369,SE,Zone3,MFH,002,SE.Zone3.MFH.04.Gen.ReEx.001.002
1370,SE,Zone3,MFH,003,SE.Zone3.MFH.04.Gen.ReEx.001.003
1371,SE,Zone3,MFH,001,SE.Zone3.MFH.05.Gen.ReEx.001.001
1372,SE,Zone3,MFH,002,SE.Zone3.MFH.05.Gen.ReEx.001.002
1373,SE,Zone3,MFH,003,SE.Zone3.MFH.05.Gen.ReEx.001.003
1374,SE,Zone3,SFH,001,SE.Zone3.SFH.01.Gen.ReEx.001.001
1375,SE,Zone3,SFH,002,SE.Zone3.SFH.01.Gen.ReEx.001.002
1376,SE,Zone3,SFH,003,SE.Zone3.SFH.01.Gen.ReEx.001.003
1377,SE,Zone3,SFH,001,SE.Zone3.SFH.01.Gen.ReEx.002.001
1378,SE,Zone3,SFH,002,SE.Zone3.SFH.01.Gen.ReEx.002.002
1379,SE,Zone3,SFH,003,SE.Zone3.SFH.01.Gen.ReEx.002.003
1380,SE,Zone3,SFH,001,SE.Zone3.SFH.02.Gen.ReEx.001.001
1381,SE,Zone3,SFH,002,SE.Zone3.SFH.02.Gen.ReEx.001.002
1382,SE,Zone3,SFH,003,SE.Zone3.SFH.02.Gen.ReEx.001.003
1383,SE,Zone3,SFH,001,SE.Zone3.SFH.02.Gen.ReEx.002.001
1384,SE,Zone3,SFH,002,SE.Zone3.SFH.02.Gen.ReEx.002.002
1385,SE,Zone3,SFH,003,SE.Zone3.SFH.02.Gen.ReEx.002.003
1386,SE,Zone3,SFH,001,SE.Zone3.SFH.03.Gen.ReEx.001.001
1387,SE,Zone3,SFH,002,SE.Zone3.SFH.03.Gen.ReEx.001.002
1388,SE,Zone3,SFH,003,SE.Zone3.SFH.03.Gen.ReEx.001.003
1389,SE,Zone3,SFH,001,SE.Zone3.SFH.03.Gen.ReEx.002.001
1390,SE,Zone3,SFH,002,SE.Zone3.SFH.03.Gen.ReEx.002.002
1391,SE,Zone3,SFH,003,SE.Zone3.SFH.03.Gen.ReEx.002.003
1392,SE,Zone3,SFH,001,SE.Zone3.SFH.04.Gen.ReEx.001.001
1393,SE,Zone3,SFH,002,SE.Zone3.SFH.04.Gen.ReEx.001.002
1394,SE,Zone3,SFH,003,SE.Zone3.SFH.04.Gen.ReEx.001.003
1395,SE,Zone3,SFH,001,SE.Zone3.SFH.04.Gen.ReEx.002.001
1396,SE,Zone3,SFH,002,SE.Zone3.SFH.04.Gen.ReEx.002.002
1397,SE,Zone3,SFH,003,SE.Zone3.SFH.04.Gen.ReEx.002.003
1398,SE,Zone3,SFH,001,SE.Zone3.SFH.05.Gen.ReEx.001.001
1399,SE,Zone3,SFH,002,SE.Zone3.SFH.05.Gen.ReEx.001.002
1400,SE,Zone3,SFH,003,SE.Zone3.SFH.05.Gen.ReEx.001.003
1401,SE,Zone3,SFH,001,SE.Zone3.SFH.05.Gen.ReEx.002.001
1402,SE,Zone3,SFH,002,SE.Zone3.SFH.05.Gen.ReEx.002.002
1403,SE,Zone3,SFH,003,SE.Zone3.SFH.05.Gen.ReEx.002.003
1404,SI,N,AB,001,SI.N.AB.01.Gen.ReEx.001.001
1405,SI,N,AB,002,SI.N.AB.01.Gen.ReEx.001.002
1406,SI,N,AB,003,SI.N.AB.01.Gen.ReEx.001.003
1407,SI,N,AB,001,SI.N.AB.02.Gen.ReEx.001.001
1408,SI,N,AB,002,SI.N.AB.02.Gen.ReEx.001.002
1409,SI,N,AB,003,SI.N.AB.02.Gen.ReEx.001.003
1410,SI,N,AB,001,SI.N.AB.03.Gen.ReEx.001.001
1411,SI,N,AB,002,SI.N.AB.03.Gen.ReEx.001.002
1412,SI,N,AB,003,SI.N.AB.03.Gen.ReEx.001.003
1413,SI,N,AB,001,SI.N.AB.04.Gen.ReEx.001.001
1414,SI,N,AB,002,SI.N.AB.04.Gen.ReEx.001.002
1415,SI,N,AB,003,SI.N.AB.04.Gen.ReEx.001.003
1416,SI,N,AB,001,SI.N.AB.05.Gen.ReEx.001.001
1417,SI,N,AB,002,SI.N.AB.05.Gen.ReEx.001.002
1418,SI,N,AB,003,SI.N.AB.05.Gen.ReEx.001.003
1419,SI,N,AB,001,SI.N.AB.06.Gen.ReEx.001.001
1420,SI,N,AB,002,SI.N.AB.06.Gen.ReEx.001.002
1421,SI,N,AB,003,SI.N.AB.06.Gen.ReEx.001.003
1422,SI,N,MFH,001,SI.N.MFH.01.Gen.ReEx.001.001
1423,SI,N,MFH,002,SI.N.MFH.01.Gen.ReEx.001.002
1424,SI,N,MFH,003,SI.N.MFH.01.Gen.ReEx.001.003
1425,SI,N,MFH,001,SI.N.MFH.02.Gen.ReEx.001.001
1426,SI,N,MFH,002,SI.N.MFH.02.Gen.ReEx.001.002
1427,SI,N,MFH,003,SI.N.MFH.02.Gen.ReEx.001.003
1428,SI,N,MFH,001,SI.N.MFH.03.Gen.ReEx.001.001
1429,SI,N,MFH,002,SI.N.MFH.03.Gen.ReEx.001.002
1430,SI,N,MFH,003,SI.N.MFH.03.Gen.ReEx.001.003
1431,SI,N,MFH,001,SI.N.MFH.04.Gen.ReEx.001.001
1432,SI,N,MFH,002,SI.N.MFH.04.Gen.ReEx.001.002
1433,SI,N,MFH,003,SI.N.MFH.04.Gen.ReEx.001.003
1434,SI,N,MFH,001,SI.N.MFH.05.Gen.ReEx.001.001
1435,SI,N,MFH,002,SI.N.MFH.05.Gen.ReEx.001.002
1436,SI,N,MFH,003,SI.N.MFH.05.Gen.ReEx.001.003
1437,SI,N,MFH,001,SI.N.MFH.06.Gen.ReEx.001.001
1438,SI,N,MFH,002,SI.N.MFH.06.Gen.ReEx.001.002
1439,SI,N,MFH,003,SI.N.MFH.06.Gen.ReEx.001.003
1440,SI,N,SFH,001,SI.N.SFH.01.Gen.ReEx.001.001
1441,SI,N,SFH,002,SI.N.SFH.01.Gen.ReEx.001.002
1442,SI,N,SFH,003,SI.N.SFH.01.Gen.ReEx.001.003
1443,SI,N,SFH,001,SI.N.SFH.02.Gen.ReEx.001.001
1444,SI,N,SFH,002,SI.N.SFH.02.Gen.ReEx.001.002
1445,SI,N,SFH,003,SI.N.SFH.02.Gen.ReEx.001.003
1446,SI,N,SFH,001,SI.N.SFH.03.Gen.ReEx.001.001
1447,SI,N,SFH,002,SI.N.SFH.03.Gen.ReEx.001.002
1448,SI,N,SFH,003,SI.N.SFH.03.Gen.ReEx.001.003
1449,SI,N,SFH,001,SI.N.SFH.04.Gen.ReEx.001.001
1450,SI,N,SFH,002,SI.N.SFH.04.Gen.ReEx.001.002
1451,SI,N,SFH,003,SI.N.SFH.04.Gen.ReEx.001.003
1452,SI,N,SFH,001,SI.N.SFH.05.Gen.ReEx.001.001
1453,SI,N,SFH,002,SI.N.SFH.05.Gen.ReEx.001.002
1454,SI,N,SFH,003,SI.N.SFH.05.Gen.ReEx.001.003
1455,SI,N,SFH,001,SI.N.SFH.06.Gen.ReEx.001.001
1456,SI,N,SFH,002,SI.N.SFH.06.Gen.ReEx.001.002
1457,SI,N,SFH,003,SI.N.SFH.06.Gen.ReEx.001.003
1458,SI,N,TH,001,SI.N.TH.01.Gen.ReEx.001.001
1459,SI,N,TH,002,SI.N.TH.01.Gen.ReEx.001.002
1460,SI,N,TH,003,SI.N.TH.01.Gen.ReEx.001.003
1461,SI,N,TH,001,SI.N.TH.02.Gen.ReEx.001.001
1462,SI,N,TH,002,SI.N.TH.02.Gen.ReEx.001.002
1463,SI,N,TH,003,SI.N.TH.02.Gen.ReEx.001.003
1464,SI,N,TH,001,SI.N.TH.03.Gen.ReEx.001.001
1465,SI,N,TH,002,SI.N.TH.03.Gen.ReEx.001.002
1466,SI,N,TH,003,SI.N.TH.03.Gen.ReEx.001.003
1467,SI,N,TH,001,SI.N.TH.04.Gen.ReEx.001.001
1468,SI,N,TH,002,SI.N.TH.04.Gen.ReEx.001.002
1469,SI,N,TH,003,SI.N.TH.04.Gen.ReEx.001.003
1470,SI,N,TH,001,SI.N.TH.05.Gen.ReEx.001.001
1471,SI,N,TH,002,SI.N.TH.05.Gen.ReEx.001.002
1472,SI,N,TH,003,SI.N.TH.05.Gen.ReEx.001.003
1473,SI,N,TH,001,SI.N.TH.06.Gen.ReEx.001.001
1474,SI,N,TH,002,SI.N.TH.06.Gen.ReEx.001.002
1475,SI,N,TH,003,SI.N.TH.06.Gen.ReEx.001.003
1476,DK,N,AB,001,DK.N.AB.01.Gen.SyAv.001.001
1477,DK,N,AB,002,DK.N.AB.01.Gen.SyAv.001.002
1478,DK,N,AB,003,DK.N.AB.01.Gen.SyAv.001.003
1479,DK,N,AB,001,DK.N.AB.02.Gen.SyAv.001.001
1480,DK,N,AB,002,DK.N.AB.02.Gen.SyAv.001.002
1481,DK,N,AB,003,DK.N.AB.02.Gen.SyAv.001.003
1482,DK,N,AB,001,DK.N.AB.03.Gen.SyAv.001.001
1483,DK,N,AB,002,DK.N.AB.03.Gen.SyAv.001.002
1484,DK,N,AB,003,DK.N.AB.03.Gen.SyAv.001.003
1485,DK,N,AB,001,DK.N.AB.04.Gen.SyAv.001.001
1486,DK,N,AB,002,DK.N.AB.04.Gen.SyAv.001.002
1487,DK,N,AB,003,DK.N.AB.04.Gen.SyAv.001.003
1488,DK,N,AB,001,DK.N.AB.05.Gen.SyAv.001.001
1489,DK,N,AB,002,DK.N.AB.05.Gen.SyAv.001.002
1490,DK,N,AB,003,DK.N.AB.05.Gen.SyAv.001.003
1491,DK,N,AB,001,DK.N.AB.06.Gen.SyAv.001.001
1492,DK,N,AB,002,DK.N.AB.06.Gen.SyAv.001.002
1493,DK,N,AB,003,DK.N.AB.06.Gen.SyAv.001.003
1494,DK,N,AB,001,DK.N.AB.07.Gen.SyAv.001.001
1495,DK,N,AB,002,DK.N.AB.07.Gen.SyAv.001.002
1496,DK,N,AB,003,DK.N.AB.07.Gen.SyAv.001.003
1497,DK,N,AB,001,DK.N.AB.08.Gen.SyAv.001.001
1498,DK,N,AB,002,DK.N.AB.08.Gen.SyAv.001.002
1499,DK,N,AB,003,DK.N.AB.08.Gen.SyAv.001.003
1500,DK,N,AB,001,DK.N.AB.09.Gen.SyAv.001.001
1501,DK,N,AB,002,DK.N.AB.09.Gen.SyAv.001.002
1502,DK,N,AB,003,DK.N.AB.09.Gen.SyAv.001.003
1503,DK,N,SFH,001,DK.N.SFH.01.Gen.SyAv.001.001
1504,DK,N,SFH,002,DK.N.SFH.01.Gen.SyAv.001.002
1505,DK,N,SFH,003,DK.N.SFH.01.Gen.SyAv.001.003
1506,DK,N,SFH,001,DK.N.SFH.02.Gen.SyAv.001.001
1507,DK,N,SFH,002,DK.N.SFH.02.Gen.SyAv.001.002
1508,DK,N,SFH,003,DK.N.SFH.02.Gen.SyAv.001.003
1509,DK,N,SFH,001,DK.N.SFH.03.Gen.SyAv.001.001
1510,DK,N,SFH,002,DK.N.SFH.03.Gen.SyAv.001.002
1511,DK,N,SFH,003,DK.N.SFH.03.Gen.SyAv.001.003
1512,DK,N,SFH,001,DK.N.SFH.04.Gen.SyAv.001.001
1513,DK,N,SFH,002,DK.N.SFH.04.Gen.SyAv.001.002
1514,DK,N,SFH,003,DK.N.SFH.04.Gen.SyAv.001.003
1515,DK,N,SFH,001,DK.N.SFH.05.Gen.SyAv.001.001
1516,DK,N,SFH,002,DK.N.SFH.05.Gen.SyAv.001.002
1517,DK,N,SFH,003,DK.N.SFH.05.Gen.SyAv.001.003
1518,DK,N,SFH,001,DK.N.SFH.06.Gen.SyAv.001.001
1519,DK,N,SFH,002,DK.N.SFH.06.Gen.SyAv.001.002
1520,DK,N,SFH,003,DK.N.SFH.06.Gen.SyAv.001.003
1521,DK,N,SFH,001,DK.N.SFH.07.Gen.SyAv.001.001
1522,DK,N,SFH,002,DK.N.SFH.07.Gen.SyAv.001.002
1523,DK,N,SFH,003,DK.N.SFH.07.Gen.SyAv.001.003
1524,DK,N,SFH,001,DK.N.SFH.08.Gen.SyAv.001.001
1525,DK,N,SFH,002,DK.N.SFH.08.Gen.SyAv.001.002
1526,DK,N,SFH,003,DK.N.SFH.08.Gen.SyAv.001.003
1527,DK,N,SFH,001,DK.N.SFH.09.Gen.SyAv.001.001
1528,DK,N,SFH,002,DK.N.SFH.09.Gen.SyAv.001.002
1529,DK,N,SFH,003,DK.N.SFH.09.Gen.SyAv.001.003
1530,DK,N,TH,001,DK.N.TH.01.Gen.SyAv.001.001
1531,DK,N,TH,002,DK.N.TH.01.Gen.SyAv.001.002
1532,DK,N,TH,003,DK.N.TH.01.Gen.SyAv.001.003
1533,DK,N,TH,001,DK.N.TH.02.Gen.SyAv.001.001
1534,DK,N,TH,002,DK.N.TH.02.Gen.SyAv.001.002
1535,DK,N,TH,003,DK.N.TH.02.Gen.SyAv.001.003
1536,DK,N,TH,001,DK.N.TH.03.Gen.SyAv.001.001
1537,DK,N,TH,002,DK.N.TH.03.Gen.SyAv.001.002
1538,DK,N,TH,003,DK.N.TH.03.Gen.SyAv.001.003
1539,DK,N,TH,001,DK.N.TH.04.Gen.SyAv.001.001
1540,DK,N,TH,002,DK.N.TH.04.Gen.SyAv.001.002
1541,DK,N,TH,003,DK.N.TH.04.Gen.SyAv.001.003
1542,DK,N,TH,001,DK.N.TH.05.Gen.SyAv.001.001
1543,DK,N,TH,002,DK.N.TH.05.Gen.SyAv.001.002
1544,DK,N,TH,003,DK.N.TH.05.Gen.SyAv.001.003
1545,DK,N,TH,001,DK.N.TH.06.Gen.SyAv.001.001
1546,DK,N,TH,002,DK.N.TH.06.Gen.SyAv.001.002
1547,DK,N,TH,003,DK.N.TH.06.Gen.SyAv.001.003
1548,DK,N,TH,001,DK.N.TH.07.Gen.SyAv.001.001
1549,DK,N,TH,002,DK.N.TH.07.Gen.SyAv.001.002
1550,DK,N,TH,003,DK.N.TH.07.Gen.SyAv.001.003
1551,DK,N,TH,001,DK.N.TH.08.Gen.SyAv.001.001
1552,DK,N,TH,002,DK.N.TH.08.Gen.SyAv.001.002
1553,DK,N,TH,003,DK.N.TH.08.Gen.SyAv.001.003
1554,DK,N,TH,001,DK.N.TH.09.Gen.SyAv.001.001
1555,DK,N,TH,002,DK.N.TH.09.Gen.SyAv.001.002
1556,DK,N,TH,003,DK.N.TH.09.Gen.SyAv.001.003
1557,GR,ZoneB,MFH,001,GR.ZoneB.MFH.01.Gen.SyAv.001.001
1558,GR,ZoneB,MFH,001,GR.ZoneB.MFH.02.Gen.SyAv.001.001
1559,GR,ZoneB,MFH,001,GR.ZoneB.MFH.03.Gen.SyAv.001.001
1560,GR,ZoneB,SFH,001,GR.ZoneB.SFH.01.Gen.SyAv.001.001
1561,GR,ZoneB,SFH,001,GR.ZoneB.SFH.02.Gen.SyAv.001.001
1562,GR,ZoneB,SFH,001,GR.ZoneB.SFH.03.Gen.SyAv.001.001
1563,HU,N,AB,001,HU.N.AB.01-03.Gen.SyAv.001.001
1564,HU,N,MFH,001,HU.N.MFH.01-03.Gen.SyAv.001.001
1565,HU,N,MFH,001,HU.N.MFH.04-05.Gen.SyAv.001.001
1566,HU,N,SFH,001,HU.N.SFH.01-03.Gen.SyAv.001.001
1567,HU,N,SFH,001,HU.N.SFH.04-05.Gen.SyAv.001.001
1568,NO,N,AB,001,NO.N.AB.01.Gen.SyAv.001.001
1569,NO,N,AB,002,NO.N.AB.01.Gen.SyAv.001.002
1570,NO,N,AB,003,NO.N.AB.01.Gen.SyAv.001.003
1571,NO,N,AB,001,NO.N.AB.02.Gen.SyAv.001.001
1572,NO,N,AB,002,NO.N.AB.02.Gen.SyAv.001.002
1573,NO,N,AB,003,NO.N.AB.02.Gen.SyAv.001.003
1574,NO,N,AB,001,NO.N.AB.03.Gen.SyAv.001.001
1575,NO,N,AB,002,NO.N.AB.03.Gen.SyAv.001.002
1576,NO,N,AB,003,NO.N.AB.03.Gen.SyAv.001.003
1577,NO,N,AB,001,NO.N.AB.04.Gen.SyAv.001.001
1578,NO,N,AB,002,NO.N.AB.04.Gen.SyAv.001.002
1579,NO,N,AB,003,NO.N.AB.04.Gen.SyAv.001.003
1580,NO,N,AB,001,NO.N.AB.05.Gen.SyAv.001.001
1581,NO,N,AB,002,NO.N.AB.05.Gen.SyAv.001.002
1582,NO,N,AB,003,NO.N.AB.05.Gen.SyAv.001.003
1583,NO,N,AB,001,NO.N.AB.06.Gen.SyAv.001.001
1584,NO,N,AB,002,NO.N.AB.06.Gen.SyAv.001.002
1585,NO,N,AB,003,NO.N.AB.06.Gen.SyAv.001.003
1586,NO,N,AB,001,NO.N.AB.07.Gen.SyAv.001.001
1587,NO,N,AB,002,NO.N.AB.07.Gen.SyAv.001.002
1588,NO,N,AB,003,NO.N.AB.07.Gen.SyAv.001.003
1589,NO,N,SFH,001,NO.N.SFH.01.Gen.SyAv.001.001
1590,NO,N,SFH,002,NO.N.SFH.01.Gen.SyAv.001.002
1591,NO,N,SFH,003,NO.N.SFH.01.Gen.SyAv.001.003
1592,NO,N,SFH,001,NO.N.SFH.02.Gen.SyAv.001.001
1593,NO,N,SFH,002,NO.N.SFH.02.Gen.SyAv.001.002
1594,NO,N,SFH,003,NO.N.SFH.02.Gen.SyAv.001.003
1595,NO,N,SFH,001,NO.N.SFH.03.Gen.SyAv.001.001
1596,NO,N,SFH,002,NO.N.SFH.03.Gen.SyAv.001.002
1597,NO,N,SFH,003,NO.N.SFH.03.Gen.SyAv.001.003
1598,NO,N,SFH,001,NO.N.SFH.04.Gen.SyAv.001.001
1599,NO,N,SFH,002,NO.N.SFH.04.Gen.SyAv.001.002
1600,NO,N,SFH,003,NO.N.SFH.04.Gen.SyAv.001.003
1601,NO,N,SFH,001,NO.N.SFH.05.Gen.SyAv.001.001
1602,NO,N,SFH,002,NO.N.SFH.05.Gen.SyAv.001.002
1603,NO,N,SFH,003,NO.N.SFH.05.Gen.SyAv.001.003
1604,NO,N,SFH,001,NO.N.SFH.06.Gen.SyAv.001.001
1605,NO,N,SFH,002,NO.N.SFH.06.Gen.SyAv.001.002
1606,NO,N,SFH,003,NO.N.SFH.06.Gen.SyAv.001.003
1607,NO,N,SFH,001,NO.N.SFH.07.Gen.SyAv.001.001
1608,NO,N,SFH,002,NO.N.SFH.07.Gen.SyAv.001.002
1609,NO,N,SFH,003,NO.N.SFH.07.Gen.SyAv.001.003
1610,NO,N,TH,001,NO.N.TH.01.Gen.SyAv.001.001
1611,NO,N,TH,002,NO.N.TH.01.Gen.SyAv.001.002
1612,NO,N,TH,003,NO.N.TH.01.Gen.SyAv.001.003
1613,NO,N,TH,001,NO.N.TH.02.Gen.SyAv.001.001
1614,NO,N,TH,002,NO.N.TH.02.Gen.SyAv.001.002
1615,NO,N,TH,003,NO.N.TH.02.Gen.SyAv.001.003
1616,NO,N,TH,001,NO.N.TH.03.Gen.SyAv.001.001
1617,NO,N,TH,002,NO.N.TH.03.Gen.SyAv.001.002
1618,NO,N,TH,003,NO.N.TH.03.Gen.SyAv.001.003
1619,NO,N,TH,001,NO.N.TH.04.Gen.SyAv.001.001
1620,NO,N,TH,002,NO.N.TH.04.Gen.SyAv.001.002
1621,NO,N,TH,003,NO.N.TH.04.Gen.SyAv.001.003
1622,NO,N,TH,001,NO.N.TH.05.Gen.SyAv.001.001
1623,NO,N,TH,002,NO.N.TH.05.Gen.SyAv.001.002
1624,NO,N,TH,003,NO.N.TH.05.Gen.SyAv.001.003
1625,NO,N,TH,001,NO.N.TH.06.Gen.SyAv.001.001
1626,NO,N,TH,002,NO.N.TH.06.Gen.SyAv.001.002
1627,NO,N,TH,003,NO.N.TH.06.Gen.SyAv.001.003
1628,NO,N,TH,001,NO.N.TH.07.Gen.SyAv.001.001
1629,NO,N,TH,002,NO.N.TH.07.Gen.SyAv.001.002
1630,NO,N,TH,003,NO.N.TH.07.Gen.SyAv.001.003
